"OrderId","ContractId","DateOfReturn","ReturnAmount","ReturnAmountCurrency","ReturnReason","Resolution"
"407-6544412-2101155","63f0cb1b-6099-4b2e-b62e-4cd05208fcf2","2024-12-28T07:09:21Z","2699.00","INR","Refused","Refund"
"402-1667834-4457906","0547a2a4-1b97-4f88-b412-e3813de28645","2024-12-27T06:32:43Z","2422.00","INR","Refused","Refund"
"408-3445979-9254714","df8af826-9ec5-43c3-b640-cbb9fbaba241","2024-11-30T13:17:50Z","No Refund","Not Available","Defective/Does not work properly","Refund"
"402-4801609-5082735","1d73c2a1-9543-4fe0-9ff7-90165ce76f0c","2024-11-26T13:50:10Z","319.00","INR","Defective/Does not work properly","Exchange"
"404-4335703-0888336","f3ae0cbf-caf7-43a2-b725-b05717bf6832","2024-11-12T11:27:29Z","279.00","INR","Incompatible or not useful for intended purpose","Refund"
"407-4126141-1925134","4ca33dec-b3c5-407b-9bc3-2956f4af52c5","2024-10-21T16:10:34Z","231.00","INR","Refused","Refund"
"402-5027351-7862757","aa35630e-31d4-4b74-b63d-3663067cb276","2024-10-17T14:25:39Z","459.00","INR","Refused","Refund"
"402-5988560-4041964","5691a5e5-9d98-43a4-8e3b-4c0f94917787","2024-10-17T03:38:48Z","599.00","INR","Accidental order","Refund"
"402-8122432-5431534","9e66fac8-0487-4a90-aefa-ce2ead274293","2024-10-17T03:36:47Z","459.00","INR","Performance or quality not adequate","Refund"
"402-7598672-4255522","2eca4068-4610-44f5-a675-c4738c10b066","2024-10-14T11:45:14Z","399.00","INR","Style not as expected","Refund"
"402-6795133-8037122","e17db71a-76f1-4a27-a939-332d84b939aa","2024-10-14T11:43:38Z","699.00","INR","Different from website description","Refund"
"407-0516450-7227543","f89b5eb8-9cc2-4ca5-900c-90b0c9625944","2024-10-12T08:24:03Z","1999.00","INR","Different from what was ordered","Refund"
"407-0516450-7227543","c8ff85b3-63a9-4781-8965-0eeb03119328","2024-10-11T14:05:52Z","No Refund","Not Available","Defective/Does not work properly","Refund"
"407-9276764-2214754","0fb3cd2b-06ca-4478-8a29-a9ae6a085534","2024-10-10T14:53:05Z","1198.00","INR","Too small","Refund"
"407-9276764-2214754","0fb3cd2b-06ca-4478-8a29-a9ae6a085534","2024-10-10T14:53:05Z","1198.00","INR","Performance or quality not adequate","Refund"
"402-0952392-1989124","7a379dd4-e593-4693-9fdc-c5f735fe6022","2024-10-10T12:12:47Z","399.00","INR","Style not as expected","Refund"
"407-9824657-7319523","f10ff7e4-db7a-4da6-b923-66b311269275","2024-10-10T05:42:53Z","809.00","INR","Missed estimated delivery date","Refund"
"407-6280249-7679555","ce58b613-1e43-4bb3-acc5-75aaa4b03fe1","2024-10-07T11:14:34Z","589.00","INR","Refused","Refund"
"408-1188871-0230723","19fe7f26-c21c-4a43-8157-c837e18e6519","2024-10-06T17:42:41Z","555.00","INR","Defective/Does not work properly","Refund"
"407-0740016-5477962","bc75f57b-328e-46ef-8937-e17c761aeb64","2024-10-01T11:21:02Z","220.00","INR","Performance or quality not adequate","Refund"
"407-8897950-9531503","e1e848b7-c6df-46c7-aecb-f2a135adf7aa","2024-10-01T11:01:52Z","No Refund","Not Available","Damaged due to inappropriate packaging","Exchange"
"408-5871092-7367533","ff912528-affc-47bc-b63d-9be76f692186","2024-07-03T01:18:01Z","No Refund","Not Available","Defective/Does not work properly","Refund"
"171-5761561-5422743","08398047-7a34-4829-9cc0-9afcfaf932fe","2024-06-29T06:32:48Z","No Refund","Not Available","Defective/Does not work properly","Exchange"
"171-7215198-3267504","3dcd6f47-5b47-4128-9748-2e7613d73db7","2024-06-26T17:58:53Z","2679.00","INR","Refused","Refund"
"405-7922967-2157945","eadc28c4-6a55-499d-929a-200d495c7236","2024-06-22T12:18:40Z","448.00","INR","Defective/Does not work properly","Exchange"
"405-8489266-2110702","82753d52-2a36-4469-9006-3d49ca920240","2024-05-24T02:05:17Z","289.00","INR","Incompatible or not useful for intended purpose","Refund"
"407-4850818-3158711","9fea03e5-7876-4321-8b81-09ae1ad4dfbc","2024-05-18T11:59:51Z","206.14","INR","Style not as expected","Refund"
"407-4850818-3158711","9ed9585d-00c6-4295-b823-a49bdba52aea","2024-05-18T11:57:48Z","224.21","INR","Style not as expected","Refund"
"407-7932490-5815501","ee83174c-c3b6-4089-acf9-bb166b5f9e58","2024-05-12T02:08:32Z","280.00","INR","Performance or quality not adequate","Refund"
"405-6164409-4034760","b2d8617a-b3e5-4156-ad92-a47c26ceea32","2024-05-12T02:05:58Z","259.00","INR","Incompatible or not useful for intended purpose","Refund"
"407-6620777-9220322","f9565e1a-1ef0-45b9-91a9-e74ffeab3b17","2024-05-09T01:38:33Z","206.00","INR","No longer needed/wanted","Refund"
"407-6620777-9220322","dd70e634-92ae-4fcb-a43e-082390298036","2024-05-08T06:34:14Z","No Refund","Not Available","Too large","Refund"
"407-6620777-9220322","01fdb760-1372-452f-bc4a-c30795641081","2024-05-08T06:30:41Z","269.00","INR","Performance or quality not adequate","Refund"
"402-1602397-2437162","62df3fbf-2eeb-49b9-a45d-8b9c75421728","2024-04-20T16:42:51Z","299.00","INR","Better price available","Refund"
"405-6640775-2949963","020bb254-224c-4017-a826-eab2177ca59b","2024-04-18T05:01:23Z","559.00","INR","Refused","Refund"
"405-9867113-4081151","9ab8a8bc-4f6d-4b4c-a421-a7990f78aebf","2024-04-16T05:08:20Z","149.00","INR","Defective/Does not work properly","Refund"
"405-0016246-8068301","cde91960-f129-4d14-adf8-f933feddee4c","2024-04-12T14:39:45Z","549.00","INR","Performance or quality not adequate","Refund"
"402-5240041-3359529","e100cb9f-6be4-4547-aaa1-bdfed374113b","2024-04-09T15:06:39Z","499.00","INR","Too small","Refund"
"402-5240041-3359529","4d7f7ef1-70bc-4d67-91f8-d0c11c49dec3","2024-04-06T18:32:13Z","399.00","INR","Performance or quality not adequate","Refund"
"402-5240041-3359529","98a8589b-9996-4df2-aa16-d8be610b3a93","2024-04-06T18:30:47Z","599.00","INR","Performance or quality not adequate","Refund"
"408-8587578-4549943","33bc77f8-e3b5-44e8-8426-414cdf41cab5","2024-04-06T09:13:11Z","No Refund","Not Available","Refused","Refund"
"402-5240041-3359529","3fb80708-2bc0-4ed1-9819-1079bf053007","2024-04-02T03:07:40Z","No Refund","Not Available","Defective/Does not work properly","Exchange"
"402-5240041-3359529","7f5f3351-2d1b-4b22-bc55-56db18159d66","2024-04-01T08:09:15Z","236.00","INR","Too large","Refund"
"402-1308473-5485920","cda32113-03c7-4ed0-8b7c-141f55f331a9","2024-04-01T08:07:55Z","299.00","INR","Different from what was ordered","Refund"
"402-2526237-9600356","1414bd41-5d31-4cd5-8051-248882da8afb","2024-03-12T05:26:24Z","No Refund","Not Available","Damaged due to inappropriate packaging","Exchange"
"402-9189076-2740336","0e1db3e7-c713-46a6-ab04-6d7888895ed1","2024-03-06T11:10:02Z","No Refund","Not Available","Damaged due to inappropriate packaging","Exchange"
"407-4863830-6846739","398c83c9-44d1-430d-91f4-38d8d412ab2b","2024-01-27T14:22:56Z","209.00","INR","Refused","Refund"
"407-3766714-7152314","d6c80714-3a26-419f-a4b8-0e70fdc499ef","2024-01-27T08:24:50Z","294.00","INR","Refused","Refund"
"402-3848941-7903560","f802591a-26b3-4789-ba6b-0e29ff432de9","2024-01-09T12:28:05Z","699.00","INR","Defective/Does not work properly","Refund"
"405-4538528-0305129","2dcbe249-020d-40c1-ab42-db1ed712c461","2023-10-26T16:36:21Z","179.00","INR","Refused","Refund"
"405-9676612-8091515","919143bb-3e99-432a-8b4a-482503aef36e","2023-10-25T05:09:40Z","4075.00","INR","Too large","Refund"
"405-6228340-4589145","2c08025e-102f-424a-a87a-8166301f1f8d","2023-10-20T08:42:23Z","1331.00","INR","Performance or quality not adequate","Refund"
"405-7108329-6427550","8fa73273-5b40-41d5-a963-83659b5f4e07","2023-10-15T10:56:38Z","599.00","INR","Performance or quality not adequate","Refund"
"405-4842825-4048335","3889ad4f-e775-452a-8b35-377436a0cf9e","2023-10-15T10:54:03Z","1299.00","INR","Too large","Refund"
"405-1878448-4185913","ef13285a-7bd4-4faa-8885-cc52012724d5","2023-09-30T13:31:00Z","599.00","INR","Performance or quality not adequate","Refund"
"405-9193673-5876319","66c2b3fb-2cc5-4c1e-9212-10eb7ecb7b7a","2023-09-14T01:16:36Z","385.00","INR","Refused","Refund"
"405-0359098-7441108","bf493cc2-7694-4219-b8da-7cb702357ed8","2023-08-16T11:21:05Z","298.00","INR","Ordered wrong style/size/color","Refund"
"405-7059002-6710769","019aeb3f-d6ae-4319-888c-741ac0b8673e","2023-08-10T05:53:01Z","1495.00","INR","Performance or quality not adequate","Refund"
"405-2457649-7624333","50a06248-a1e2-4a6a-905a-c39357d50308","2023-08-03T13:58:01Z","711.55","INR","Performance or quality not adequate","Refund"
"405-9039595-0619523","9003db9a-d733-47d8-9fa4-dcd3c3a2a800","2023-07-29T04:14:48Z","No Refund","Not Available","Defective/Does not work properly","Refund"
"405-9484242-8789142","acf366db-329a-404b-bd33-14718456d97b","2023-07-24T18:52:32Z","259.00","INR","Performance or quality not adequate","Refund"
"405-9484242-8789142","4bb0c4cc-b898-4394-b811-8f3739b61d3b","2023-07-22T16:43:49Z","628.00","INR","Different from website description","Refund"
"405-6590860-1337949","85e5d907-8812-486c-84c0-49908edaeabe","2023-07-22T16:39:11Z","690.00","INR","Too small","Refund"
"405-9484242-8789142","e10d4e2e-20b4-4976-9c23-75552b81ab13","2023-07-22T16:37:04Z","No Refund","Not Available","Performance or quality not adequate","Refund"
"408-1232873-5245947","ac27c558-8b0e-429d-aaaf-ef9af348c2a0","2023-06-11T18:19:22Z","2753.00","INR","Performance or quality not adequate","Refund"
"405-6416538-0086755","9ff0f555-432b-419a-b828-9dc7d65320f5","2023-06-08T02:33:14Z","699.00","INR","Defective/Does not work properly","Refund"
"405-6416538-0086755","f980253f-5a31-4b51-987d-8b9de82ef006","2023-06-08T02:30:30Z","437.00","INR","Performance or quality not adequate","Refund"
"405-6910296-7209940","a25cfa61-a447-4db3-82e3-c66516edf18f","2023-06-06T03:46:45Z","399.00","INR","Performance or quality not adequate","Refund"
"405-3092324-2009169","52fe03d2-70ed-4c57-a0cc-cc8355ececd7","2023-06-04T12:04:56Z","No Refund","Not Available","Too small","Exchange"
"405-3092324-2009169","b4b4b1e8-b69e-4e2b-89ff-d3b6207e7290","2023-06-04T11:35:03Z","589.00","INR","Performance or quality not adequate","Refund"
"405-3092324-2009169","cdb459a8-7d41-4ddb-91f0-35e2a4fc8ce9","2023-06-04T11:32:56Z","3923.00","INR","Too small","Refund"
"405-6491067-1716318","9be3e798-b96f-4001-a650-751ebb162e2b","2023-06-03T05:48:23Z","No Refund","Not Available","Different from what was ordered","Exchange"
"405-6491067-1716318","0965cca3-77e4-48fc-b6cd-aa5a6e693c1c","2023-06-02T17:11:27Z","No Refund","Not Available","Item not as shown by photo on website","Refund"
"405-1783686-9769912","9a6ddc11-b222-4c8d-b9ab-245862c1e3fd","2023-06-02T17:08:03Z","290.00","INR","Incompatible or not useful for intended purpose","Refund"
"405-3850483-6573900","3168caaf-d55a-40f1-90be-658d1b412291","2023-04-08T02:31:50Z","847.00","INR","Missed estimated delivery date","Refund"
"405-6637059-7103543","c5c95eda-37f5-400f-a7a6-0d7062151b04","2023-04-08T02:12:07Z","545.00","INR","Performance or quality not adequate","Refund"
"405-7200239-4084321","c20e9414-ee20-4831-865a-84aa38db3a85","2023-03-31T08:01:55Z","236.56","INR","Refused","Refund"
"406-5953762-6208361","3db669b4-2214-4b1b-aca7-e0dceb6bfee6","2023-02-09T18:40:19Z","394.00","INR","Refused","Refund"
"405-3181152-8649131","1274f952-2b5c-4ebc-abef-32f962bcfd15","2023-02-01T03:24:33Z","No Refund","Not Available","Defective/Does not work properly","Exchange"
"405-8147398-7642733","01bb0771-de05-4e9e-b06a-886218ace270","2023-01-24T11:59:19Z","275.00","INR","Different from what was ordered","Refund"
"406-2342586-3553930","f8d37ed8-e1f9-42ea-8f96-5f62ce3c0760","2023-01-22T06:18:49Z","No Refund","Not Available","Defective/Does not work properly","Exchange"
"405-8769308-7513130","be43aed3-0ef1-443a-8e05-f483cb5480bd","2023-01-18T14:12:35Z","506.00","INR","Style not as expected","Refund"
"405-0567745-8761926","c5edc74d-5f91-499d-b0ef-03db133545e7","2023-01-05T12:16:58Z","1199.00","INR","Different from what was ordered","Refund"
"405-0567745-8761926","843f5d4b-c207-44cc-9267-15d4ff16591c","2023-01-04T03:56:57Z","159.00","INR","Incompatible or not useful for intended purpose","Refund"
"405-0567745-8761926","56df27a9-e7a9-4583-a2a7-ee360c73f4cf","2023-01-04T03:55:36Z","No Refund","Not Available","Incompatible or not useful for intended purpose","Refund"
"403-7273155-9661124","5d0ad279-4c95-447d-a4cf-9d81394f80ce","2022-11-22T11:12:24Z","1199.00","INR","Did not like color","Refund"
"403-7273155-9661124","0cc5afe4-eca4-4b6b-af86-a59f09da1fa2","2022-11-22T11:09:48Z","1199.00","INR","Did not like color","Refund"
"403-7273155-9661124","697e6bc0-b347-4b92-b72f-f3ec2a59eb22","2022-11-22T03:52:35Z","1199.00","INR","Did not like color","Refund"
"403-3877910-3206727","1a608ebd-b896-489a-afe4-61d8fc2840b0","2022-11-21T13:36:43Z","714.00","INR","Style not as expected","Refund"
"403-3877910-3206727","1a608ebd-b896-489a-afe4-61d8fc2840b0","2022-11-21T13:36:43Z","799.00","INR","Style not as expected","Refund"
"403-7273155-9661124","db55c7aa-9952-47f4-a7d3-e06df8aac3d3","2022-11-21T13:32:43Z","646.00","INR","Did not like color","Refund"
"405-0901687-3403555","aefd05d8-9015-4d8d-83f4-abdb9c981f75","2022-11-16T03:13:50Z","180.00","INR","Performance or quality not adequate","Refund"
"405-6660925-4797156","0914f7cf-4278-4350-b654-fe4658f5c25e","2022-11-15T03:06:37Z","269.00","INR","Performance or quality not adequate","Refund"
"405-6660925-4797156","954549f3-208a-4d82-9156-7d4d26281f73","2022-11-14T01:23:17Z","349.00","INR","Performance or quality not adequate","Refund"
"408-7218272-3577937","019144b5-8c91-44e4-8d5b-d558fb97a951","2022-11-06T14:49:49Z","697.00","INR","Missing parts or accessories","Refund"
"408-7218272-3577937","40945724-47e7-4f4b-88f1-1feaa8cadfb7","2022-11-06T14:48:06Z","520.00","INR","Missing parts or accessories","Refund"
"408-7218272-3577937","4fddcf8e-5d92-4c72-bc83-7ba544c4bc99","2022-11-05T07:15:25Z","No Refund","Not Available","Missing parts or accessories","Refund"
"408-7218272-3577937","6412b4d2-93d1-43a2-8efb-d706a25aab9b","2022-11-05T06:42:33Z","No Refund","Not Available","Missing parts or accessories","Refund"
"403-7273155-9661124","67c3bcd1-2cab-4b04-a258-f5c77191b02c","2022-10-24T05:25:26Z","No Refund","Not Available","Missing parts or accessories","Exchange"
"403-7273155-9661124","67c3bcd1-2cab-4b04-a258-f5c77191b02c","2022-10-24T05:25:26Z","498.00","INR","Performance or quality not adequate","Refund"
"403-7273155-9661124","67c3bcd1-2cab-4b04-a258-f5c77191b02c","2022-10-24T05:25:26Z","No Refund","Not Available","Missing parts or accessories","Exchange"
"403-9655646-9182714","a9a0e65b-71d9-4787-8265-bb0cbf1802db","2022-10-08T12:58:50Z","1152.00","INR","Performance or quality not adequate","Refund"
"405-6387302-3902719","c4542f89-e336-4706-b90a-f802559f8559","2022-10-07T03:01:01Z","269.00","INR","Different from what was ordered","Refund"
"405-2219380-8617945","a9c3d3c9-bf73-4d3e-b1b6-7367c4ecd9a9","2022-10-06T07:36:43Z","245.00","INR","Refused","Refund"
"405-6387302-3902719","2143ddcd-66fa-4fb7-a38e-711ec24cd06c","2022-10-04T19:31:20Z","No Refund","Not Available","Performance or quality not adequate","Refund"
"408-2151329-4425946","6699593a-c232-4e27-bbc8-855440caf739","2022-09-15T03:06:13Z","599.00","INR","Too large","Refund"
"405-5379285-4824312","9edec21b-e04f-4308-92cf-77b8886dd9cd","2022-09-07T17:14:43Z","282.00","INR","Refused","Refund"
"405-1017637-5845166","034ef2b7-dd59-456c-be5b-a2325cf10424","2022-09-07T02:16:33Z","169.00","INR","Refused","Refund"
"405-4709805-2197119","ff89ed57-10a8-4570-bdab-b10d17a9e487","2022-08-26T09:30:43Z","349.00","INR","Style not as expected","Refund"
"405-4709805-2197119","5c696c54-f35a-4a48-86f0-cd8c93f6638a","2022-08-23T05:31:42Z","No Refund","Not Available","Performance or quality not adequate","Refund"
"405-4392601-3757904","5fbb248c-8881-466e-a40a-8ff099d0f838","2022-08-21T11:26:22Z","1578.00","INR","Incompatible or not useful for intended purpose","Refund"
"405-4392601-3757904","5fbb248c-8881-466e-a40a-8ff099d0f838","2022-08-21T11:26:22Z","1578.00","INR","Incompatible or not useful for intended purpose","Refund"
"405-4392601-3757904","5fbb248c-8881-466e-a40a-8ff099d0f838","2022-08-21T11:26:22Z","1578.00","INR","Incompatible or not useful for intended purpose","Refund"
"405-4392601-3757904","5fbb248c-8881-466e-a40a-8ff099d0f838","2022-08-21T11:26:22Z","1578.00","INR","Incompatible or not useful for intended purpose","Refund"
"405-4392601-3757904","5fbb248c-8881-466e-a40a-8ff099d0f838","2022-08-21T11:26:22Z","1578.00","INR","Incompatible or not useful for intended purpose","Refund"
"405-4392601-3757904","5fbb248c-8881-466e-a40a-8ff099d0f838","2022-08-21T11:26:22Z","1578.00","INR","Incompatible or not useful for intended purpose","Refund"
"405-7636389-0733914","8d4dbd87-1e66-43f2-82e3-25bea6bb12f2","2022-08-19T14:45:58Z","769.00","INR","Better price available","Refund"
"405-6824860-1033137","aa7e0f92-cb7f-439f-b71b-5f84b8c8e436","2022-08-18T16:05:15Z","150.00","INR","Refused","Refund"
"405-3756818-4978764","d6eb9d57-6e1b-4eda-a14d-ea4820ef2604","2022-08-18T03:41:57Z","376.54","INR","Refused","Refund"
"405-9383958-4609918","0294f445-2dfd-4c67-aa9a-a1073bb55497","2022-08-17T12:38:48Z","592.00","INR","Performance or quality not adequate","Refund"
"405-7947903-9828345","03488d87-b2a2-323a-a890-9a16bcac6b4d","2022-08-17T12:05:04Z","No Refund","Not Available","No reason given","Refund"
"405-0149961-6016368","02f59422-c53c-48aa-9085-e3cfb28f3752","2022-08-16T20:05:02Z","947.00","INR","Performance or quality not adequate","Refund"
"405-0255683-8216350","37f3abe4-8269-4371-be9a-f9d5d8353eed","2022-08-13T07:55:53Z","1340.99","INR","Incompatible or not useful for intended purpose","Refund"
"405-0255683-8216350","e9abdafd-9a7a-4934-8417-35ed08ba67cd","2022-08-13T07:31:42Z","365.00","INR","Different from what was ordered","Refund"
"405-0494796-5261142","771d480e-a260-4229-9b98-3a3b2197f0dc","2022-08-13T07:21:01Z","400.00","INR","Incompatible or not useful for intended purpose","Refund"
"405-0255683-8216350","f16becc6-fca0-48f7-8192-2ffb33f4a283","2022-08-12T04:51:10Z","1962.01","INR","Performance or quality not adequate","Refund"
"405-9078610-1159562","8b88f9b0-f286-41d0-b48a-a9e588b3c2e2","2022-08-12T04:47:15Z","399.00","INR","Incompatible or not useful for intended purpose","Refund"
"405-5134389-1140310","e4e84d85-9224-498e-b569-9c95f83793b4","2022-08-11T15:36:46Z","511.00","INR","No longer needed/wanted","Refund"
"405-9383958-4609918","65854322-5298-419a-90e6-7b7d8a5efcca","2022-08-11T15:29:50Z","649.00","INR","Performance or quality not adequate","Refund"
"405-7947903-9828345","cf482de8-46fe-439f-a3b3-b062675ce804","2022-08-11T15:27:47Z","849.00","INR","Style not as expected","Refund"
"405-6607720-0809152","36c5ed1e-3ac1-4e9c-82c7-035f9b949a75","2022-08-10T08:44:34Z","325.00","INR","Different from what was ordered","Refund"
"405-0255683-8216350","b706efe4-4f13-4190-9bb7-ec826dd80799","2022-08-09T04:49:27Z","No Refund","Not Available","Incompatible or not useful for intended purpose","Refund"
"405-5758299-2762747","2a596844-a549-4aa5-9dde-124bc111a8b0","2022-08-09T01:07:51Z","399.00","INR","Refused","Refund"
"405-2290434-5973102","7d4ae9a1-f9c0-49f9-a04a-432e510139cc","2022-08-08T08:07:52Z","No Refund","Not Available","Different from what was ordered","Refund"
"405-2290434-5973102","03cdc340-03c7-4d42-ba88-6b0952f25715","2022-08-07T03:24:24Z","219.00","INR","Performance or quality not adequate","Refund"
"405-9842653-2569968","f959f7d3-b0fd-4bb3-9086-3aa9e4f1545e","2022-08-06T16:11:43Z","349.00","INR","Performance or quality not adequate","Refund"
"405-6009195-0429146","133ab708-0836-43cb-be10-25edfa8f38d1","2022-07-11T18:37:27Z","2051.00","INR","Incompatible or not useful for intended purpose","Refund"
"405-8438416-8507561","ce803d4a-5580-42c2-9e10-88b5f7964948","2022-07-07T16:11:38Z","3999.00","INR","Performance or quality not adequate","Refund"
"403-7039486-3364337","4d710d05-83b5-4287-b852-a85ac54b3ae1","2022-07-03T14:56:17Z","579.00","INR","Incompatible or not useful for intended purpose","Refund"
"403-8759623-4849960","f49c15b2-bc68-4c2e-a54d-461065e9e539","2022-07-03T14:46:09Z","379.00","INR","Performance or quality not adequate","Refund"
"403-7039486-3364337","dc442395-a1dc-42be-a08e-f10ba7ab7ee1","2022-07-01T18:11:33Z","687.00","INR","Refused","Refund"
"403-9545551-8545165","25810408-6a64-4a7d-9313-b451fbe4b9b4","2022-06-30T08:43:39Z","255.55","INR","Performance or quality not adequate","Refund"
"403-2135723-9139560","741a8d2d-357d-487d-9ed5-9722acebe7c2","2022-06-29T04:48:46Z","399.00","INR","Incompatible or not useful for intended purpose","Refund"
"405-4823927-2866769","f0f34b0c-dc3f-42bd-9f80-74ae9c09ff6c","2022-06-19T10:55:48Z","853.41","INR","Incompatible or not useful for intended purpose","Refund"
"405-2123349-2864354","49147a73-89b4-4e77-9dd6-f298db597e84","2022-06-14T17:33:30Z","449.00","INR","Too large","Refund"
"405-9600495-3731553","b4ece2a0-e853-4ff1-a1bc-32dd18907142","2022-06-12T17:58:28Z","849.00","INR","Better price available","Refund"
"405-9600495-3731553","66f8e6d3-a3bb-499f-86a4-20db38eba5f7","2022-06-11T15:44:52Z","949.00","INR","Better price available","Refund"
"405-6827483-8969967","af5fd91d-71f5-3eda-9ba7-1cd39563c42f","2022-06-08T11:47:15Z","599.00","INR","No reason given","Refund"
"405-9600495-3731553","258b306a-39d1-48a7-976e-ca76ec9d31b7","2022-06-05T14:24:55Z","949.00","INR","Incompatible or not useful for intended purpose","Refund"
"405-4827803-4449953","69f751c2-6834-4d60-9d28-24a5552d3f32","2022-06-05T06:35:16Z","1299.00","INR","Incompatible or not useful for intended purpose","Refund"
"405-4827803-4449953","242f8d05-a836-486c-ba73-f59a6e60551c","2022-06-05T06:27:45Z","1299.00","INR","Incompatible or not useful for intended purpose","Refund"
"405-9600495-3731553","bf26782e-7e2c-4ff2-a12f-ad5f735b0282","2022-06-04T05:22:12Z","No Refund","Not Available","Incompatible or not useful for intended purpose","Refund"
"405-1075052-5489912","55eea835-c8ee-4d75-91ee-a18a0291079c","2022-06-04T05:19:10Z","949.00","INR","Incompatible or not useful for intended purpose","Refund"
"405-6827483-8969967","ae0b5bb0-0077-4a3d-8a9a-bb1ef3648722","2022-06-02T12:42:36Z","2694.00","INR","Better price available","Refund"
"405-6827483-8969967","ae0b5bb0-0077-4a3d-8a9a-bb1ef3648722","2022-06-02T12:42:36Z","2694.00","INR","Better price available","Refund"
"405-6827483-8969967","ae0b5bb0-0077-4a3d-8a9a-bb1ef3648722","2022-06-02T12:42:36Z","2694.00","INR","Better price available","Refund"
"405-6827483-8969967","ae0b5bb0-0077-4a3d-8a9a-bb1ef3648722","2022-06-02T12:42:36Z","2694.00","INR","Better price available","Refund"
"405-6827483-8969967","ae0b5bb0-0077-4a3d-8a9a-bb1ef3648722","2022-06-02T12:42:36Z","2694.00","INR","Better price available","Refund"
"405-6827483-8969967","ae0b5bb0-0077-4a3d-8a9a-bb1ef3648722","2022-06-02T12:42:36Z","2694.00","INR","Better price available","Refund"
"405-4827803-4449953","9d8053e0-428e-49f0-b324-c07b2b7f01bd","2022-06-02T12:15:09Z","No Refund","Not Available","Performance or quality not adequate","Refund"
"408-3775261-2517921","b1da13de-4716-4167-82ea-976ee91adfe7","2022-06-02T11:34:50Z","No Refund","Not Available","Different from what was ordered","Refund"
"408-3775261-2517921","a52e1a92-b2d4-45af-917e-1fec9e35904a","2022-06-02T06:45:33Z","No Refund","Not Available","Different from what was ordered","Refund"
"405-6827483-8969967","17afabd1-51d5-4bc0-b794-3ee55da88b60","2022-05-31T02:27:48Z","1198.00","INR","Performance or quality not adequate","Refund"
"405-6827483-8969967","17afabd1-51d5-4bc0-b794-3ee55da88b60","2022-05-31T02:27:48Z","1198.00","INR","Performance or quality not adequate","Refund"
"405-6827483-8969967","a824bdd1-9118-4c56-8a4d-7b30654d570d","2022-05-30T01:06:55Z","1278.00","INR","Performance or quality not adequate","Refund"
"405-6827483-8969967","a824bdd1-9118-4c56-8a4d-7b30654d570d","2022-05-30T01:06:55Z","1278.00","INR","Performance or quality not adequate","Refund"
"405-2741372-9249902","d36709b2-a825-4d51-b2f0-564e86cd49f0","2022-05-25T09:51:53Z","486.00","INR","Different from what was ordered","Exchange"
"405-9115831-8263530","6ccea879-3234-442b-a5bb-b7f0ef902a0e","2022-05-22T17:23:27Z","444.00","INR","Different from what was ordered","Refund"
"405-8038446-0127529","97a710b3-ab00-4def-92cf-9d3143eba4aa","2022-05-14T01:32:22Z","650.00","INR","Performance or quality not adequate","Refund"
"405-2066062-9864323","db25dbc8-ddf8-4f29-8887-74c073f46581","2022-05-12T07:36:41Z","795.00","INR","Performance or quality not adequate","Refund"
"405-3592168-0345905","64474ce8-ff99-4bfd-b92b-08fcb3bdc637","2022-05-12T07:35:35Z","899.00","INR","Performance or quality not adequate","Refund"
"405-8038446-0127529","6bd82e93-70fb-468c-908e-486f969f045e","2022-05-12T04:03:02Z","579.00","INR","Refused","Refund"
"405-8038446-0127529","afe3ef50-3bfa-412a-9d79-719a237b69a8","2022-05-10T08:31:38Z","490.00","INR","Refused","Refund"
"405-8038446-0127529","a3731a32-e71f-4f88-acaa-c48cbf778bd6","2022-05-10T08:30:38Z","580.00","INR","Refused","Refund"
"405-8038446-0127529","a3731a32-e71f-4f88-acaa-c48cbf778bd6","2022-05-10T08:30:38Z","580.00","INR","Refused","Refund"
"405-6214361-1117169","42050237-618a-4cd3-a007-39d4f3347fcb","2022-05-09T12:01:53Z","749.00","INR","Performance or quality not adequate","Refund"
"405-4759439-5005142","c8485988-7a9d-432c-bfbb-5e5d646f8a9b","2022-05-06T05:35:03Z","315.00","INR","Defective/Does not work properly","Refund"
"405-5061547-6364335","addb3703-bffe-49c3-a8fa-4808754a4463","2022-04-30T06:09:02Z","399.00","INR","Defective/Does not work properly","Refund"
"405-0318005-0357940","2d80b64c-fc42-4072-905f-fcd97fba42cb","2022-04-30T02:03:54Z","No Refund","Not Available","Performance or quality not adequate","Refund"
"405-8622825-6578748","806cd5c7-d12a-496c-be1e-f0d68c14f0a4","2022-04-20T07:02:33Z","749.00","INR","Defective/Does not work properly","Refund"
"406-4172823-4861953","fa8f97b3-d9c3-4da5-bac4-2701f81d27d3","2022-04-17T11:13:24Z","No Refund","Not Available","Defective/Does not work properly","Exchange"
"406-4172823-4861953","390b3fb3-dc07-41a8-a2d7-f26f50e6749d","2022-04-16T02:40:26Z","996.00","INR","No longer needed/wanted","Refund"
"405-4210051-0710749","d1e04f91-eac9-4b27-b50d-aee5f324ecc0","2022-04-14T13:56:03Z","No Refund","Not Available","Too small","Exchange"
"405-3563076-5789919","bde7bfad-59c8-4148-bfcb-c57f4f4ed9ce","2022-04-13T06:49:48Z","6440.00","INR","Defective/Does not work properly","Refund"
"406-6859587-8752361","ab5aedc1-3fd6-49a9-ae7a-2576c87abe94","2022-04-09T07:09:50Z","329.00","INR","Incompatible or not useful for intended purpose","Refund"
"405-7886187-0730745","b36317a9-9047-400f-a9ed-545b7725c544","2022-04-09T01:40:41Z","996.00","INR","Performance or quality not adequate","Refund"
"405-7723491-2677157","4589d497-f092-4978-b51f-ec027b059f06","2022-04-05T18:23:13Z","749.00","INR","Performance or quality not adequate","Refund"
"406-2565711-2563543","107d8441-2193-4ed6-929d-9f2921cb6798","2022-04-05T18:20:34Z","299.00","INR","Performance or quality not adequate","Refund"
"405-8622595-7571563","bcbd6391-0cae-49e9-86e5-0b645367e718","2022-04-04T13:09:09Z","1650.00","INR","Different from what was ordered","Refund"
"405-6846938-9905957","62c8d714-1242-458f-9504-48b71026877c","2022-03-30T00:24:01Z","699.00","INR","Incompatible or not useful for intended purpose","Refund"
"405-5915897-1635549","0319fbcd-f0f4-4f02-bbed-a410b9ddaf38","2022-03-25T05:08:36Z","11549.00","INR","Refused","Refund"
"405-2026107-8061931","3f0f4726-7866-4728-bd76-02e3cdb1446c","2022-03-23T03:12:25Z","3529.00","INR","Style not as expected","Refund"
"405-8887780-2117124","cef85c19-f53a-4443-b185-411b86418ebb","2022-03-23T03:06:59Z","No Refund","Not Available","Performance or quality not adequate","Refund"
"406-2133474-0496353","b182c58e-09cb-4863-b9bc-62406d8c600f","2022-03-21T04:21:24Z","150.00","INR","Refused","Refund"
"405-7845123-1035528","b1279c47-b776-4e26-b77a-5b92a4637ec5","2022-03-19T13:10:44Z","1999.00","INR","Different from what was ordered","Refund"
"405-8622595-7571563","4c2bcad5-bdc4-4fd0-af96-9d7e4962c5f1","2022-03-19T03:33:18Z","No Refund","Not Available","Incompatible or not useful for intended purpose","Refund"
"405-9999321-6134718","15e2495a-0e0c-4b7e-bd19-98209da5764d","2022-03-19T03:10:22Z","1500.00","INR","Incompatible or not useful for intended purpose","Refund"
"405-3038781-8417160","c34fcc6f-7e51-47b2-a85c-052a0b8a18a6","2022-03-19T03:07:52Z","828.00","INR","Performance or quality not adequate","Refund"
"405-3038781-8417160","c34fcc6f-7e51-47b2-a85c-052a0b8a18a6","2022-03-19T03:07:52Z","828.00","INR","Performance or quality not adequate","Refund"
"405-3038781-8417160","c34fcc6f-7e51-47b2-a85c-052a0b8a18a6","2022-03-19T03:07:52Z","828.00","INR","Performance or quality not adequate","Refund"
"405-3038781-8417160","18fe1c00-09f3-4f0c-8651-23d028f8775b","2022-03-19T03:05:15Z","299.00","INR","Performance or quality not adequate","Refund"
"405-2026107-8061931","395a6f30-7f54-47e9-aa19-a3d7c3aebebb","2022-03-18T17:00:03Z","1049.00","INR","No longer needed/wanted","Refund"
"405-2026107-8061931","4ea6a213-a2fd-4df1-afc3-122b10b82e74","2022-03-18T16:58:47Z","No Refund","Not Available","Style not as expected","Refund"
"405-2026107-8061931","3becdc8c-3fae-438f-957c-99336d8a454e","2022-03-18T16:57:38Z","740.00","INR","Performance or quality not adequate","Refund"
"405-2026107-8061931","860b9eb9-434b-493c-82e3-3519cae9ad82","2022-03-18T16:56:20Z","1458.00","INR","Performance or quality not adequate","Refund"
"405-7845123-1035528","ce669251-65ac-4edd-8c8f-8ac9c63cf59b","2022-03-17T14:15:53Z","No Refund","Not Available","Defective/Does not work properly","Refund"
"405-0126590-9883573","e67ee27e-dcfe-4d3e-8d73-4003f3ed3dc2","2022-03-15T16:53:37Z","870.00","INR","Incompatible or not useful for intended purpose","Refund"
"405-3038781-8417160","09816cec-5380-4170-910d-42cb0f31ca5c","2022-03-15T16:48:51Z","529.00","INR","Performance or quality not adequate","Refund"
"405-7793103-5868342","11c5cfb1-eb89-4f7f-b540-7b577e583167","2022-03-12T06:16:24Z","559.00","INR","Incompatible or not useful for intended purpose","Refund"
"405-8622595-7571563","316179df-5058-4250-9826-d215c102199f","2022-03-12T06:11:18Z","1350.00","INR","Performance or quality not adequate","Refund"
"405-1885374-1991555","280807a7-5b55-4f50-8b76-30357ae3ce13","2022-03-12T06:09:24Z","1699.00","INR","Incompatible or not useful for intended purpose","Refund"
"405-7808547-3591533","7f171027-fd86-49d4-bad3-e5b1b3273a5a","2022-03-10T12:10:46Z","345.00","INR","Incompatible or not useful for intended purpose","Refund"
"405-8765348-7481927","429fb3b1-4597-4c90-8529-a360a3eef38e","2022-03-10T12:08:31Z","402.00","INR","Incompatible or not useful for intended purpose","Refund"
"404-0055117-8331501","e1d5ac45-bbd6-4c44-9642-3c81f25ad3b4","2022-03-10T12:04:44Z","8741.00","INR","Incompatible or not useful for intended purpose","Refund"
"405-8099896-6704308","56e02cfa-df47-4ad7-9400-b88adacb2303","2022-03-02T10:26:16Z","265.00","INR","Incompatible or not useful for intended purpose","Refund"
"402-9451479-1879518","473a2296-fa2d-4093-98a1-11c69e3f54a9","2022-02-26T02:03:12Z","99.00","INR","Different from what was ordered","Refund"
"404-2126741-5125131","85e6fc8a-7fa3-4d62-86ba-b51aed1bcb08","2022-02-21T16:20:41Z","769.00","INR","Too small","Refund"
"404-2126741-5125131","e6c78837-af9b-44f4-8645-60cf4e1db03f","2022-02-21T16:17:29Z","799.00","INR","Too small","Refund"
"405-4547035-6203536","14761b11-f2d2-493a-963a-0ed4b45ea931","2022-02-16T13:24:50Z","375.00","INR","Performance or quality not adequate","Refund"
"404-5234429-0433113","f294f440-694e-46c8-a70c-2492375e7a4a","2022-02-15T06:46:28Z","449.00","INR","Style not as expected","Refund"
"404-7290456-5596301","1c18a03b-9bcc-4218-824a-a7ff2c171076","2022-02-05T16:51:02Z","299.00","INR","Performance or quality not adequate","Refund"
"405-3979810-8707508","4ff42150-aec5-4e6f-a67a-e31e2b45c80e","2022-01-31T03:10:51Z","695.00","INR","Performance or quality not adequate","Refund"
"405-3979810-8707508","18ca91bc-050e-40bf-9913-dccf574aee8b","2022-01-31T03:04:50Z","589.00","INR","Performance or quality not adequate","Refund"
"404-0956156-8361951","385d6645-449c-479d-b458-00164be18738","2022-01-26T12:08:56Z","1650.00","INR","Performance or quality not adequate","Refund"
"404-0956156-8361951","385d6645-449c-479d-b458-00164be18738","2022-01-26T12:08:56Z","1645.40","INR","Incompatible or not useful for intended purpose","Refund"
"404-0956156-8361951","385d6645-449c-479d-b458-00164be18738","2022-01-26T12:08:56Z","1824.00","INR","Missed estimated delivery date","Refund"
"404-0956156-8361951","385d6645-449c-479d-b458-00164be18738","2022-01-26T12:08:56Z","1645.40","INR","Incompatible or not useful for intended purpose","Refund"
"404-0956156-8361951","385d6645-449c-479d-b458-00164be18738","2022-01-26T12:08:56Z","1650.00","INR","Performance or quality not adequate","Refund"
"404-0956156-8361951","385d6645-449c-479d-b458-00164be18738","2022-01-26T12:08:56Z","1824.00","INR","Missed estimated delivery date","Refund"
"404-3134389-7460327","d270b8be-4433-497d-b70f-a0bd45a28cda","2022-01-26T11:51:43Z","873.60","INR","Performance or quality not adequate","Refund"
"404-3134389-7460327","d270b8be-4433-497d-b70f-a0bd45a28cda","2022-01-26T11:51:43Z","873.60","INR","Performance or quality not adequate","Refund"
"405-8020300-7831527","6791235c-45df-4134-b38c-4b1a70ad9655","2022-01-21T13:06:26Z","1042.00","INR","Performance or quality not adequate","Refund"
"405-8020300-7831527","6791235c-45df-4134-b38c-4b1a70ad9655","2022-01-21T13:06:26Z","1042.00","INR","Performance or quality not adequate","Refund"
"405-9410490-3961120","92510500-d452-4a57-b242-7fa14e965b39","2022-01-21T02:57:46Z","736.00","INR","Missed estimated delivery date","Refund"
"405-8020300-7831527","b7024bab-acd8-4a33-84dc-3dd45e88ded7","2022-01-21T02:55:18Z","289.00","INR","Style not as expected","Refund"
"405-9410490-3961120","ae77a1b9-8740-434a-a43e-aa588e1b34ff","2022-01-20T11:45:08Z","999.00","INR","Performance or quality not adequate","Refund"
"405-9410490-3961120","5e138023-17bb-4e01-b65f-3440809e14bb","2022-01-19T10:59:32Z","No Refund","Not Available","Better price available","Refund"
"405-8020300-7831527","fb821cd9-2ecd-469e-9aeb-d5e4726c00e9","2022-01-19T08:32:57Z","1499.00","INR","Missed estimated delivery date","Refund"
"405-8020300-7831527","6034afdc-7b2f-44e5-8175-e8b3652c5fc6","2022-01-19T08:30:46Z","1499.00","INR","Missed estimated delivery date","Refund"
"405-8020300-7831527","fa250816-5c68-4172-a83e-d5ed4f621c29","2022-01-19T07:01:37Z","No Refund","Not Available","Missed estimated delivery date","Refund"
"405-8020300-7831527","9606d514-9e49-4f8b-a479-22308e76da1d","2022-01-17T01:45:00Z","999.00","INR","Incompatible or not useful for intended purpose","Refund"
"405-8020300-7831527","21368d33-fbc9-4091-938c-060e2746aa58","2022-01-17T01:38:55Z","999.00","INR","Incompatible or not useful for intended purpose","Refund"
"405-8020300-7831527","d91e0793-aaa5-46c1-8373-3e4981a4bb27","2022-01-17T00:28:42Z","1424.00","INR","Incompatible or not useful for intended purpose","Refund"
"405-8020300-7831527","b5289ab1-a6cf-4621-9ea7-28f0d5f077a7","2022-01-16T03:57:33Z","277.00","INR","Missed estimated delivery date","Refund"
"405-5822243-7357923","72bfd3b6-e37b-47c3-ab5e-7cd61d51536f","2022-01-16T03:56:19Z","479.00","INR","Missed estimated delivery date","Refund"
"405-9410490-3961120","0651248c-384c-4865-893f-7b165bb2e50b","2022-01-16T03:40:01Z","759.00","INR","Incompatible or not useful for intended purpose","Refund"
"405-9410490-3961120","f15247e8-9b18-4f9c-b6c9-94f122999bbe","2022-01-16T03:36:12Z","999.00","INR","Incompatible or not useful for intended purpose","Refund"
"405-9410490-3961120","2dd9ca54-ca1b-44df-b685-68942083634b","2022-01-16T03:32:09Z","No Refund","Not Available","Performance or quality not adequate","Refund"
"407-6323592-3892358","27a6bb6f-9394-496c-9a0d-b0781659c259","2022-01-14T07:20:34Z","349.00","INR","Incompatible or not useful for intended purpose","Refund"
"405-2632075-5687542","7da2a9ef-c633-4f24-bbee-3fd5cd15025c","2022-01-13T15:15:40Z","1376.00","INR","Performance or quality not adequate","Refund"
"405-8020300-7831527","02e2b931-e42a-4af3-ae3c-3f940aed8720","2022-01-13T11:21:38Z","999.00","INR","Performance or quality not adequate","Refund"
"408-9743881-8255510","a338fc56-372a-4752-8e87-3adaf8789283","2022-01-07T05:52:07Z","No Refund","Not Available","Damaged during shipping","Refund"
"405-5575725-8091502","15543403-c8a6-46f8-a42c-fedfbf0abc37","2022-01-06T01:52:40Z","7099.00","INR","Missed estimated delivery date","Refund"
"408-9743881-8255510","61401f54-df30-4ffd-aee7-b73b7713afe1","2022-01-04T03:26:00Z","3199.00","INR","Damaged during shipping","Refund"
"405-0431690-5017908","c282b320-e2eb-4702-881e-89ee7540390c","2022-01-01T12:16:31Z","664.00","INR","Incompatible or not useful for intended purpose","Refund"
"405-3921777-3876301","e4963b5e-38db-4075-a8a9-cb69f783ade2","2021-12-30T04:54:48Z","999.00","INR","Performance or quality not adequate","Refund"
"405-3921777-3876301","e4963b5e-38db-4075-a8a9-cb69f783ade2","2021-12-30T04:54:48Z","999.00","INR","Performance or quality not adequate","Refund"
"405-3921777-3876301","e4963b5e-38db-4075-a8a9-cb69f783ade2","2021-12-30T04:54:48Z","999.00","INR","Performance or quality not adequate","Refund"
"408-9743881-8255510","d1595de7-6178-481c-b134-52e9e9957bed","2021-12-27T13:54:06Z","2199.00","INR","Performance or quality not adequate","Refund"
"408-9743881-8255510","ab026b4c-cfb7-4d9c-ada5-55b6b55d4625","2021-12-27T13:51:54Z","No Refund","Not Available","Damaged during shipping","Refund"
"408-9743881-8255510","ceb2fb04-2f61-4e3e-b211-90f8a47016c8","2021-12-27T13:34:50Z","No Refund","Not Available","Incompatible or not useful for intended purpose","Refund"
"408-9743881-8255510","56a8d334-7b28-46ed-9cd3-5712e7133919","2021-12-27T05:49:36Z","No Refund","Not Available","Damaged during shipping","Exchange"
"408-9743881-8255510","bd5f9a92-df4f-46da-a57a-5efcba59eca0","2021-12-27T05:46:27Z","No Refund","Not Available","Damaged during shipping","Exchange"
"405-0637956-1421938","8affe37b-eff1-4459-9ce2-42b560031284","2021-12-12T15:23:27Z","7490.00","INR","Performance or quality not adequate","Refund"
"408-5766380-0025907","9f609c6f-dacc-4db3-9543-171d511a350b","2021-12-06T15:38:54Z","845.00","INR","Refused","Refund"
"408-5766380-0025907","e49e6b0e-42a5-45b1-a467-7a78f396f762","2021-12-06T15:38:29Z","3785.00","INR","Refused","Refund"
"405-3407243-2307555","dd40d16f-df5a-4b1f-8392-234cdcbb3bd4","2021-11-22T01:57:23Z","No Refund","Not Available","Defective/Does not work properly","Exchange"
"406-5406965-8827564","28d1b99f-18bb-4de7-a547-4ea1a7f9c6cb","2021-11-16T06:41:27Z","299.00","INR","Performance or quality not adequate","Refund"
"408-1026548-1821145","79cb0dbf-5e73-40c8-b30a-e931bc8b05eb","2021-11-09T11:59:00Z","No Refund","Not Available","Different from what was ordered","Refund"
"405-0457400-9551524","50f7ba18-8838-4f09-8506-c7ef2675976d","2021-11-02T04:03:29Z","1700.65","INR","Different from what was ordered","Exchange"
"404-9134228-4161938","9f58eaf0-8c2f-4b03-9c24-7eb1398e5313","2021-10-29T14:54:28Z","629.00","INR","Incompatible or not useful for intended purpose","Refund"
"404-4975683-4892316","82b4dc32-0e06-47c1-b953-2a4d15bc41b6","2021-10-28T13:41:30Z","1217.00","INR","Better price available","Refund"
"408-5571582-5592341","ffeffdc4-3d5d-3936-a3f2-3ab501e81b08","2021-10-21T04:00:30Z","5262","INR","Unknown Reason","Refund"
"408-5571582-5592341","ffeffdc4-3d5d-3936-a3f2-3ab501e81b08","2021-10-21T04:00:30Z","5262","INR","Unknown Reason","Refund"
"408-8997494-8928323","a94e00f6-4921-4aeb-9661-60467f36465f","2021-10-20T23:08:58Z","115.00","INR","No longer needed/wanted","Refund"
"408-8997494-8928323","e2898a5d-ddb3-4ef8-b6d7-5927fb390973","2021-10-20T23:07:41Z","230.00","INR","No longer needed/wanted","Refund"
"408-8997494-8928323","e2898a5d-ddb3-4ef8-b6d7-5927fb390973","2021-10-20T23:07:41Z","230.00","INR","No longer needed/wanted","Refund"
"408-8997494-8928323","8bcdc7ab-6289-4d5a-914f-888dccc70e41","2021-10-20T23:05:12Z","290.00","INR","No longer needed/wanted","Refund"
"408-8997494-8928323","2ed4f5ee-c00b-431a-82a4-99fc4fc7104a","2021-10-20T23:03:44Z","236.00","INR","No longer needed/wanted","Refund"
"404-0483313-7628306","969a0640-9c26-4ba5-a5d9-581a59df85d5","2021-10-20T14:00:35Z","6914.00","INR","Incompatible or not useful for intended purpose","Refund"
"408-1060238-8722743","0643271a-c47b-4f0f-bb5c-fa04d4f965e6","2021-10-19T00:40:50Z","2299.00","INR","Refused","Refund"
"405-0340450-9563555","4ab9ac44-473e-4ec3-8242-cb7bf0c5f5a3","2021-10-19T00:32:14Z","2079.00","INR","Better price available","Refund"
"408-5571582-5592341","384aac72-e862-4dcb-ac36-b3a6de76b970","2021-10-17T15:52:08Z","3550","INR","Refused","Refund"
"408-5571582-5592341","384aac72-e862-4dcb-ac36-b3a6de76b970","2021-10-17T15:52:08Z","3550","INR","Refused","Refund"
"406-6309593-9525158","86b99776-9da5-40e2-b002-365e4f53bd5c","2021-10-15T19:10:53Z","229.00","INR","Performance or quality not adequate","Refund"
"408-1964293-7544320","85762d26-ad84-41a8-8d72-4ac2b67909f8","2021-10-15T18:35:16Z","389.00","INR","Defective/Does not work properly","Refund"
"408-1121420-2793100","2999232a-0977-414d-8673-d0f94808fae4","2021-10-15T01:56:06Z","No Refund","Not Available","Defective/Does not work properly","Exchange"
"408-6699936-5195517","8366612e-29ed-4c6a-a4cf-4ab14e2df419","2021-10-14T01:17:56Z","879","INR","Incompatible or not useful for intended purpose","Refund"
"408-1861015-5611504","96ed414e-305b-44de-a30f-573f5ab4263b","2021-10-11T07:12:34Z","699.00","INR","Better price available","Refund"
"408-1329562-6464328","bc5a7517-2017-42b4-acd7-721888042fb5","2021-10-10T22:42:39Z","515.12","INR","Incompatible or not useful for intended purpose","Refund"
"408-5377906-8988314","b991f951-4111-4e9a-b15c-338d8b705652","2021-10-10T22:41:26Z","326.87","INR","Performance or quality not adequate","Refund"
"408-4133323-8342753","379c527a-6afc-4cfd-bb0f-271481f4dbd8","2021-10-10T02:07:41Z","399.00","INR","Defective/Does not work properly","Refund"
"408-4155811-7227569","f08a278a-a8c3-4a86-9a4b-209cccdbb6d9","2021-10-09T16:30:37Z","309.07","INR","No longer needed/wanted","Refund"
"408-4133323-8342753","0e18abe1-90d1-43c2-9a7d-10152cd6496d","2021-10-09T16:07:13Z","728","INR","Incompatible or not useful for intended purpose","Refund"
"408-6699936-5195517","054bcd58-e940-467f-848a-9b10fcdd37be","2021-10-06T17:37:58Z","580","INR","Performance or quality not adequate","Refund"
"408-6699936-5195517","054bcd58-e940-467f-848a-9b10fcdd37be","2021-10-06T17:37:58Z","580","INR","Performance or quality not adequate","Refund"
"405-3936317-0650717","e6abf38f-0a4a-4c68-8134-6e5b3b7d2d4e","2021-10-05T17:51:08Z","140","INR","Incompatible or not useful for intended purpose","Refund"
"408-2938043-3696369","b4ba8c58-381d-452a-92a1-ac52dc41a19f","2021-10-04T10:23:32Z","733","INR","Better price available","Refund"
"405-2877973-8185145","2c9420de-5782-4be1-a573-cd2e6ff9e99e","2021-09-30T12:28:20Z","699","INR","Too large","Refund"
"405-0180537-3768376","e26fe82c-5e32-48c5-b10a-46bed0b2af14","2021-09-23T16:54:03Z","499","INR","Incompatible or not useful for intended purpose","Refund"
"405-1775136-8697151","2bb5ddee-a439-4188-bb22-09c27c58f967","2021-09-14T09:28:02Z","880.00","INR","Performance or quality not adequate","Refund"
"405-8984268-4999534","feb5117d-240f-4c30-9b6d-f65aa342501d","2021-08-30T13:05:21Z","99","INR","Refused","Refund"
"405-4102683-6992315","4bdfb48a-f2b8-4ef9-a294-073b71742182","2021-08-30T13:00:31Z","No Refund","Not Available","Damaged due to inappropriate packaging","Exchange"
"405-4102683-6992315","4bdfb48a-f2b8-4ef9-a294-073b71742182","2021-08-30T13:00:31Z","No Refund","Not Available","Damaged due to inappropriate packaging","Exchange"
"405-4102683-6992315","4bdfb48a-f2b8-4ef9-a294-073b71742182","2021-08-30T13:00:31Z","No Refund","Not Available","Damaged due to inappropriate packaging","Exchange"
"406-2918964-4456343","970f033c-a1ae-408b-885f-9b12f290a92b","2021-08-18T03:56:45Z","349","INR","Incompatible or not useful for intended purpose","Refund"
"408-9248166-1959519","f1037cfb-07f7-46ee-9997-c598bc876777","2021-08-17T14:02:31Z","99","INR","Missing parts or accessories","Refund"
"406-2918964-4456343","d3dd445a-19ce-4a4f-8424-2dfaf12380a2","2021-08-13T14:39:27Z","142","INR","Better price available","Refund"
"405-3573078-9716316","2d548584-919d-41d9-a0ad-7d435b31b117","2021-08-09T05:51:10Z","No Refund","Not Available","Missing parts or accessories","Exchange"
"405-0956872-4525937","99bebb1a-836c-4254-900e-0e8b2aec5672","2021-08-06T05:19:22Z","649.00","INR","Performance or quality not adequate","Refund"
"405-0956872-4525937","33c41779-a429-47e5-a78a-2179baa9fa60","2021-08-03T03:50:55Z","No Refund","Not Available","Performance or quality not adequate","Refund"
"408-3663898-8817138","c267d619-aded-44e1-b5f9-9b08e26b2379","2021-07-23T02:34:44Z","No Refund","Not Available","Refused","Refund"
"406-8952292-4803510","e528dabe-3bcb-4b13-8408-60bbe17650c9","2021-07-21T06:40:52Z","No Refund","Not Available","Defective/Does not work properly","Exchange"
"406-8952292-4803510","1eaf284e-8519-4074-bdd9-d1be35a7ecf8","2021-07-21T06:39:06Z","710","INR","Defective/Does not work properly","Refund"
"406-8952292-4803510","c075397d-0839-4ffc-97d1-9af5599ed779","2021-07-20T05:54:22Z","No Refund","Not Available","Incompatible or not useful for intended purpose","Refund"
"406-8952292-4803510","e3c86fd5-66e8-44a1-a67e-55fbb96481fa","2021-07-11T14:08:02Z","980","INR","Refused","Refund"
"404-4379341-2962729","d9cf5c90-7c42-4bf1-8e4f-1938d3a64400","2021-07-08T09:18:44Z","710","INR","Refused","Refund"
"406-2354669-3803547","55091e68-3833-493d-b8d7-d777b3011e34","2021-07-02T01:57:07Z","835","INR","Refused","Refund"
"406-2354669-3803547","55091e68-3833-493d-b8d7-d777b3011e34","2021-07-02T01:57:07Z","835","INR","Refused","Refund"
"406-2354669-3803547","55091e68-3833-493d-b8d7-d777b3011e34","2021-07-02T01:57:07Z","835","INR","Refused","Refund"
"405-1798773-0197954","64b82b81-4306-4961-93fd-9a8aa4780ee1","2021-06-27T04:10:44Z","815","INR","Performance or quality not adequate","Refund"
"406-8234951-8965149","cfa60b33-8677-4b19-9ceb-fd338ff906f2","2021-06-20T14:24:20Z","505.00","INR","Different from what was ordered","Refund"
"406-8234951-8965149","cfa60b33-8677-4b19-9ceb-fd338ff906f2","2021-06-20T14:24:20Z","505.00","INR","Different from what was ordered","Refund"
"406-8234951-8965149","cfa60b33-8677-4b19-9ceb-fd338ff906f2","2021-06-20T14:24:20Z","505.00","INR","Different from what was ordered","Refund"
"406-8234951-8965149","7637bbc4-bb41-4466-93bd-06f4702295f6","2021-06-20T14:15:20Z","No Refund","Not Available","Different from what was ordered","Exchange"
"406-8234951-8965149","7637bbc4-bb41-4466-93bd-06f4702295f6","2021-06-20T14:15:20Z","No Refund","Not Available","Different from what was ordered","Exchange"
"406-8234951-8965149","7637bbc4-bb41-4466-93bd-06f4702295f6","2021-06-20T14:15:20Z","No Refund","Not Available","Different from what was ordered","Exchange"
"406-6297714-2102700","bf01bfe3-a226-4b7a-b726-5de1b1aba499","2021-06-18T14:29:07Z","2549.00","INR","Performance or quality not adequate","Refund"
"405-7627411-1223538","3a7ae150-0353-484d-852d-a2a38392ba9d","2021-06-13T12:03:17Z","No Refund","Not Available","Item never arrived","Exchange"
"406-1686092-7915529","e7628502-df27-4dad-a387-ede851a90389","2021-06-12T09:03:05Z","3103","INR","Refused","Refund"
"406-1686092-7915529","e7628502-df27-4dad-a387-ede851a90389","2021-06-12T09:03:05Z","3103","INR","Refused","Refund"
"405-0333814-6625116","ae8c16f5-70ef-422c-87b2-de1ae4618518","2021-04-16T11:09:15Z","6905","INR","Incompatible or not useful for intended purpose","Refund"
"405-0333814-6625116","12d94b78-d7bd-4f61-8a1d-ea6dab9b8d6b","2021-04-13T20:38:30Z","999","INR","Incompatible or not useful for intended purpose","Refund"
"404-7975969-9157151","4918b40e-7b21-480f-a85c-11a4365a1556","2021-04-12T08:44:40Z","449","INR","No longer needed/wanted","Refund"
"405-0333814-6625116","fc484ff9-8f14-4573-997e-3fd58bf83e73","2021-04-12T08:39:34Z","No Refund","Not Available","Incompatible or not useful for intended purpose","Refund"
"404-7975969-9157151","8adf3417-2808-4c1a-ad15-9ceea9782bff","2021-04-06T05:17:47Z","699","INR","Incompatible or not useful for intended purpose","Refund"
"404-6510402-9271534","2b27daa2-d87b-44af-aad7-fc76eff243cd","2021-04-01T02:48:30Z","No Refund","Not Available","Better price available","Refund"
"404-6510402-9271534","f7692c94-7959-42e6-9b96-1bfd0fc75035","2021-04-01T02:47:18Z","650","INR","Better price available","Refund"
"404-6510402-9271534","e2d9cd8f-07d2-4bba-a6bc-20a6a8771c86","2021-04-01T02:45:40Z","860","INR","Incompatible or not useful for intended purpose","Refund"
"404-6510402-9271534","390e3b35-87c0-4d0e-a175-51d2053b30b4","2021-04-01T02:11:01Z","1895","INR","Incompatible or not useful for intended purpose","Refund"
"404-6510402-9271534","ba0beb6d-4831-439d-820c-f3a44aa7f565","2021-04-01T02:09:22Z","No Refund","Not Available","Better price available","Refund"
"404-6510402-9271534","fa05e7b9-12da-428b-8cae-e4a7978f2f45","2021-04-01T02:06:38Z","1250","INR","Better price available","Refund"
"405-4376853-9909914","b32a2f8a-9b84-48cc-8cb7-002630182e30","2021-04-01T02:02:47Z","5948","INR","Better price available","Refund"
"405-4376853-9909914","01ee0f82-a1bd-4e06-8893-48dfcb100c33","2021-03-31T04:32:00Z","6410","INR","Incompatible or not useful for intended purpose","Refund"
"405-1901048-1170762","23ee2ed8-affd-4e48-9549-9e293e221dd6","2021-03-27T08:02:00Z","685","INR","Incompatible or not useful for intended purpose","Refund"
"405-1901048-1170762","7cdfbab0-ef9b-43e2-bfb2-850dd1b8404d","2021-03-22T12:07:09Z","1875","INR","Defective/Does not work properly","Refund"
"405-2084907-0873121","3d406410-cfed-4944-8551-647da21d40b8","2021-03-02T03:34:34Z","3328","INR","Refused","Refund"
"408-0308646-1966752","be7843eb-7bf7-4de6-bbd6-b82f5bab70bc","2021-02-06T16:24:28Z","470.00","INR","Defective/Does not work properly","Refund"
"408-0308646-1966752","be7843eb-7bf7-4de6-bbd6-b82f5bab70bc","2021-02-06T16:24:28Z","470.00","INR","Defective/Does not work properly","Refund"
"405-9755620-7210706","c476582d-e1ac-4683-a035-1097e1d4ba4a","2021-02-05T01:39:29Z","748","INR","Better price available","Refund"
"405-9755620-7210706","4e66b9e8-bb0e-4a24-a205-9c1fc9019381","2021-02-04T08:19:32Z","275","INR","Performance or quality not adequate","Refund"
"404-4472742-0998758","bed60df6-5790-4b35-b938-315949ae8314","2021-01-29T13:44:56Z","No Refund","Not Available","Performance or quality not adequate","Exchange"
"408-1867732-8033938","9d989578-bf34-4f5f-8502-574e0e5130d1","2021-01-26T03:35:44Z","1047","INR","Style not as expected","Refund"
"408-3115096-5312320","f42b4e85-42e0-4fce-8c70-9b4a7b9253d4","2021-01-23T08:56:37Z","1349","INR","Refused","Refund"
"405-4775240-2410730","ee10767c-faee-4b03-8b43-128786df5921","2021-01-23T02:38:38Z","1425","INR","Refused","Refund"
"404-7236907-9133929","cda1ef73-572e-44bf-a02e-e7bbf9c8f97c","2021-01-22T03:03:37Z","No Refund","Not Available","Performance or quality not adequate","Exchange"
"405-8376612-4484369","29eaa922-28f9-4715-89c9-b5df5f2a001a","2021-01-15T03:06:05Z","893","INR","Performance or quality not adequate","Refund"
"405-8376612-4484369","29eaa922-28f9-4715-89c9-b5df5f2a001a","2021-01-15T03:06:05Z","365","INR","Incompatible or not useful for intended purpose","Refund"
"405-8376612-4484369","29eaa922-28f9-4715-89c9-b5df5f2a001a","2021-01-15T03:06:05Z","893","INR","Performance or quality not adequate","Refund"
"405-5172212-9209963","ae098dc6-2ce2-40ec-92ad-7dfbb4c6114f","2021-01-03T11:00:23Z","No Refund","Not Available","Unknown Reason","Refund"
"405-5172212-9209963","ae098dc6-2ce2-40ec-92ad-7dfbb4c6114f","2021-01-03T11:00:23Z","No Refund","Not Available","Unknown Reason","Refund"
"405-5172212-9209963","ae098dc6-2ce2-40ec-92ad-7dfbb4c6114f","2021-01-03T11:00:23Z","No Refund","Not Available","Unknown Reason","Refund"
"405-5172212-9209963","ae098dc6-2ce2-40ec-92ad-7dfbb4c6114f","2021-01-03T11:00:23Z","No Refund","Not Available","Unknown Reason","Refund"
"405-5172212-9209963","ae098dc6-2ce2-40ec-92ad-7dfbb4c6114f","2021-01-03T11:00:23Z","No Refund","Not Available","Unknown Reason","Refund"
"405-5172212-9209963","ae098dc6-2ce2-40ec-92ad-7dfbb4c6114f","2021-01-03T11:00:23Z","No Refund","Not Available","Unknown Reason","Refund"
"405-2324186-3837915","85f3d41d-1a13-4419-9dfa-e44312f031f7","2020-12-21T07:31:29Z","360","INR","Style not as expected","Refund"
"405-4453549-8366705","7fc2f6a7-d514-4c3a-b9f8-535fff00d19c","2020-12-09T20:35:05Z","5590","INR","Performance or quality not adequate","Refund"
"405-4953176-6856361","ae5a72df-7927-468d-ac81-a2587c2e2abb","2020-12-02T12:00:24Z","289","INR","Refused","Refund"
"405-5493915-0791528","bf3977fb-4c04-401f-bcfe-227c836356d3","2020-11-26T15:05:32Z","1299","INR","Performance or quality not adequate","Refund"
"404-1943520-6035519","6b3720d6-1feb-4c8d-9366-d0ff54023e99","2020-11-17T02:26:06Z","196","INR","Performance or quality not adequate","Refund"
"405-1173214-0998701","26c92607-aef3-4213-baaf-8efd46ead52e","2020-11-06T19:51:34Z","204","INR","Refused","Refund"
"405-1173214-0998701","26c92607-aef3-4213-baaf-8efd46ead52e","2020-11-06T19:51:34Z","204","INR","Refused","Refund"
"405-1173214-0998701","26c92607-aef3-4213-baaf-8efd46ead52e","2020-11-06T19:51:34Z","204","INR","Refused","Refund"
"404-4921345-9067554","487b6859-50a4-4a7b-b502-18e2f95a23dd","2020-10-27T01:47:15Z","963","INR","Refused","Refund"
"404-4921345-9067554","487b6859-50a4-4a7b-b502-18e2f95a23dd","2020-10-27T01:47:15Z","963","INR","Refused","Refund"
"404-4921345-9067554","487b6859-50a4-4a7b-b502-18e2f95a23dd","2020-10-27T01:47:15Z","963","INR","Refused","Refund"
"405-2470365-9490717","db98ae41-104b-44d2-8f64-beb600b71258","2020-10-21T08:02:00Z","889","INR","Refused","Refund"
"405-2985958-9799561","82d89522-4ca6-44f2-af60-7557c6c00b8a","2020-10-17T05:21:33Z","499","INR","Performance or quality not adequate","Refund"
"405-2985958-9799561","f0f4b4e8-2ed9-4df7-9a88-3046ef7aa322","2020-10-16T16:25:44Z","No Refund","Not Available","Performance or quality not adequate","Refund"
"405-5222427-8745106","395def03-2c69-481d-a7a3-6ac7859e2b67","2020-10-16T01:45:39Z","449","INR","Style not as expected","Refund"
"405-1015849-4199506","8d739b3e-3864-4c6c-aead-ffd477168504","2020-09-20T02:49:49Z","399.00","INR","Performance or quality not adequate","Refund"
"405-8898969-7917920","6cbcd54c-3bb7-4830-8fe7-f0fdaf38219c","2020-09-09T10:17:00Z","899.00","INR","Better price available","Refund"
"405-9231085-1369933","f963144e-96b4-4a16-8deb-824154733e92","2020-09-02T04:55:32Z","629","INR","No longer needed/wanted","Refund"
"405-1774424-2762720","6b55e86c-9a21-455c-95d8-2fbef2c2bcf4","2020-08-28T02:56:55Z","599","INR","Performance or quality not adequate","Refund"
"405-5280760-9692308","ec0b793d-68ae-4fa8-bf0f-dc4ad73bee79","2020-08-24T18:25:21Z","399","INR","Refused","Refund"
"405-5280760-9692308","b680e8ca-ebd0-4868-9cab-48b23df13239","2020-08-24T18:16:51Z","259","INR","Refused","Refund"
"405-1162631-1499562","6503c95a-1809-4aae-a4ba-19e0fe20f9c1","2020-08-24T02:59:57Z","437","INR","Performance or quality not adequate","Refund"
"405-0894891-4105141","e793a441-7266-4f7f-b6b6-18c3b960697e","2020-08-23T04:20:38Z","394","INR","Performance or quality not adequate","Refund"
"405-1162631-1499562","6de76256-5748-40c4-a012-44f82608f2dc","2020-08-19T11:24:04Z","No Refund","Not Available","Performance or quality not adequate","Refund"
"405-1162631-1499562","00675c30-356d-47c9-9e45-d0fa5b2955e7","2020-08-19T11:21:41Z","499","INR","Too large","Refund"
"405-1162631-1499562","374bf5dd-e135-40aa-9416-1375b6655652","2020-08-17T09:50:47Z","No Refund","Not Available","Too large","Refund"
"405-0429330-9347536","6d3f91ef-38ef-4dac-8e93-207656a14efb","2020-08-17T09:47:53Z","389.00","INR","Performance or quality not adequate","Refund"
"404-9430789-3881146","ec2bf2dd-5dfe-4b02-a643-b67619fd64ea","2020-08-11T11:08:06Z","265","INR","Performance or quality not adequate","Refund"
"405-3198956-2673921","51fc9354-a55b-4204-b6fb-ec8c74366f86","2020-08-11T06:40:06Z","685","INR","Incompatible or not useful for intended purpose","Refund"
"405-1162631-1499562","913c38a8-006c-4a6e-87ba-ee7532553acd","2020-08-10T12:32:24Z","No Refund","Not Available","Too large","Refund"
"408-8087774-4933131","bd482d51-6c9e-494d-bf35-bb1f42b0d941","2020-08-06T10:44:19Z","No Refund","Not Available","Incompatible or not useful for intended purpose","Refund"
"404-8173078-3085933","137faf6e-307f-40c7-b720-c5de4eafbfc2","2020-08-03T11:41:10Z","1699","INR","Incompatible or not useful for intended purpose","Refund"
"405-6792659-3702760","12493ffd-9f5e-4c5b-b8a7-0633a96012d3","2020-07-25T00:04:09Z","1020","INR","Style not as expected","Refund"
"408-7480135-0358722","1e548f32-b112-415d-864a-6f03915f9ffe","2020-07-22T19:12:41Z","700.00","INR","Performance or quality not adequate","Refund"
"408-5352157-6726752","458f2665-82d1-412a-b2f3-9a17bd132f99","2020-07-22T19:10:09Z","No Refund","Not Available","Damaged due to inappropriate packaging","Exchange"
"405-6792659-3702760","0d93722f-a258-40d6-a083-21ca2a9b5efe","2020-07-19T19:17:54Z","756","INR","Performance or quality not adequate","Refund"
"405-6792659-3702760","db9fe1d1-9ba7-4b89-a8c3-96af5893da1e","2020-07-19T19:16:32Z","399","INR","Performance or quality not adequate","Refund"
"405-6519277-8477917","2e420fa9-dab2-491d-b422-936cac4c71f5","2020-07-17T08:50:32Z","795","INR","Performance or quality not adequate","Refund"
"405-7346298-0024303","9ba97a7a-8d95-4e9b-958f-30a73ef6964c","2020-07-17T08:45:25Z","229","INR","Performance or quality not adequate","Refund"
"408-8108395-5661155","8135b630-21bf-4bf8-a271-fb783492ce26","2020-07-15T17:13:03Z","No Refund","Not Available","Performance or quality not adequate","Exchange"
"405-5485122-2750727","cdc0619e-17f5-4b84-a5d2-7981203cd7a8","2020-07-14T07:58:23Z","1610","INR","Different from what was ordered","Refund"
"408-4457017-9653166","d20b3c36-bdb4-416f-99a2-24283d50d9e8","2020-07-14T07:13:40Z","759.00","INR","Defective/Does not work properly","Refund"
"405-5485122-2750727","365a9239-e9bb-4d61-a37c-fefc1a301060","2020-07-12T12:25:05Z","764","INR","Refused","Refund"
"405-3244251-9096307","c92b3f4b-f499-4b51-943f-9455ae5131a4","2020-07-03T14:47:53Z","395.00","INR","Different from website description","Refund"
"405-3058378-0417134","980e501e-5862-4145-b50c-950b2f35407a","2020-06-11T04:33:57Z","1000","INR","Performance or quality not adequate","Refund"
"405-4007494-4209908","26406811-c4e7-4f3b-be2f-eed5df9d3f12","2020-03-30T06:18:07Z","17490","INR","Refused","Refund"
"171-9921066-8185137","6d99d652-04e4-48bb-b01a-dbf0db3bbdf1","2020-03-21T17:48:51Z","No Refund","Not Available","Damaged due to inappropriate packaging","Exchange"
"406-8329274-8566759","323e60cc-665c-469a-b9bb-809212afdea0","2020-03-19T07:49:25Z","1068","INR","Unknown Reason","Refund"
"404-1677273-7049125","0aa7147d-67c2-4a88-a500-c552de4ee383","2020-01-22T05:11:00Z","75","INR","Unknown Reason","Refund"
"405-0357282-9654744","d0d5c5c9-cf04-426c-9569-c03065aa7de7","2020-01-08T02:50:42Z","645","INR","Performance or quality not adequate","Refund"
"404-1433329-6029948","4b3354f4-9a7e-49a9-b31a-521b283c5b10","2019-11-08T12:34:14Z","18750","INR","Refused","Refund"
"406-9747910-8682727","90878bbb-4203-4953-8e8b-e96da9a75adb","2019-10-26T22:25:55Z","12240","INR","Unknown Reason","Refund"
"406-9227151-8657901","d3c05fcf-cfcb-4e39-80bb-978d1184e2e7","2017-10-01T12:27:55Z","No Refund","Not Available","Damaged during shipping","Exchange"
"402-8328305-2701963","22ad30b8-6ef4-4a0c-a426-69ee679e56e9","2017-09-27T04:42:03Z","No Refund","Not Available","Different from what was ordered","Refund"
"402-9208199-0982711","423cd2ff-9555-4f3f-958f-c36bd98c3841","2017-09-09T15:36:41Z","349","INR","Unknown Reason","Refund"
"406-4078395-3281939","74540d8d-13f6-46d6-b244-47792de0036b","2017-09-04T08:54:31Z","No Refund","Not Available","Damaged due to inappropriate packaging","Exchange"
"402-2435479-3685901","3ff9226c-aa16-478e-8eb6-c9baf0daf0f6","2017-09-03T10:53:13Z","No Refund","Not Available","Incompatible or not useful for intended purpose","Refund"
"402-9340430-1865952","b5777b86-b0bb-400b-8390-b4fb57587318","2017-08-18T11:38:58Z","No Refund","Not Available","Performance or quality not adequate","Exchange"
"404-3054322-2818716","d363403e-49a2-3d32-9d05-9b70526d4b14","2017-08-13T05:48:35Z","1399","INR","Unknown Reason","Refund"
"404-3054322-2818716","50b04337-6634-44e0-b870-21e0d07bc7a6","2017-08-12T06:22:42Z","No Refund","Not Available","Unknown Reason","Refund"
"404-3930112-4644342","1666cc27-4a1f-442c-b86e-4ad3aab62c92","2017-07-27T03:29:25Z","99","INR","Unknown Reason","Refund"
"403-6327911-7476340","4e0ef5f3-e466-48fd-89e1-459b389d827d","2017-07-10T03:37:21Z","2799","INR","Performance or quality not adequate","Refund"
"408-0250318-4698732","d69245bf-abe3-3311-bc4f-73042ef439c0","2017-05-31T13:37:59Z","315","INR","Different from what was ordered","Refund"
"403-3634113-4037156","2b284baf-a0f8-4385-8e1c-8d4859c666ca","2017-05-26T10:26:19Z","No Refund","Not Available","Different from what was ordered","Refund"
"403-3634113-4037156","7bf33d3c-8e44-4cb4-bb00-bb805e70117c","2017-05-22T13:45:33Z","No Refund","Not Available","Performance or quality not adequate","Exchange"
"404-4155364-4879529","cf04649a-57b8-4173-b3d8-a2288753c1e8","2017-05-17T12:04:45Z","642","INR","Incompatible or not useful for intended purpose","Refund"
"404-4155364-4879529","55720ad2-fb9a-47a9-b902-d0b9b9c65e82","2017-05-16T08:06:30Z","No Refund","Not Available","Too small","Refund"
"406-5240308-1931517","3f5773e8-ffd5-4347-8d57-8cd45ecc2a34","2017-05-16T02:19:21Z","435","INR","Incompatible or not useful for intended purpose","Refund"
"406-8748940-8829968","de5eb316-78f1-4546-8df6-d38ff7624526","2017-05-06T05:59:56Z","1389","INR","Unknown Reason","Refund"
"406-5420086-9558707","54afafdb-a2ed-3ee6-abac-0df9a2824783","2016-12-22T10:27:16Z","29999","INR","Unknown Reason","Refund"
"406-7238093-8847567","ef6cee99-7862-4754-ace0-0c53063c7e06","2016-12-17T14:35:26Z","899","INR","Unknown Reason","Refund"
"171-4992175-4263564","2ae893f3-1851-4bc9-9cf7-d13e16f6c2cb","2016-11-04T13:49:54Z","No Refund","Not Available","Damaged due to inappropriate packaging","Refund"
"402-3359934-2847568","61834bce-4d3d-4659-80ae-fd16867f5a82","2016-10-25T13:43:34Z","549","INR","Unknown Reason","Refund"
"402-7223352-9779522","fe446371-eb9b-4a69-9773-5a2d26da982f","2016-10-24T17:02:53Z","1299","INR","Incompatible or not useful for intended purpose","Refund"
"171-3012656-4276342","3e84e61f-503a-485f-8ee1-e04849f549a4","2016-10-11T23:04:59Z","No Refund","Not Available","Performance or quality not adequate","Refund"
"404-6415251-5010711","dc877bf4-f99d-4814-9411-74502c7b6336","2016-08-25T05:20:18Z","2899","INR","Not Available","Refund"
"403-0798710-1949968","755063d4-8851-41f2-84f3-c485c09d1c7c","2016-08-15T18:08:20Z","No Refund","Not Available","Defective/Does not work properly","Exchange"
"403-0798710-1949968","12c312e4-202d-44af-baf9-89614a073c32","2016-08-15T17:26:46Z","No Refund","Not Available","Defective/Does not work properly","Exchange"
"171-9632017-6449117","d22cd607-eed3-3111-b16e-76ba86e76cdb","2016-07-03T08:50:37Z","6723","INR","Not Available","Refund"
"171-9632017-6449117","d22cd607-eed3-3111-b16e-76ba86e76cdb","2016-07-03T08:50:37Z","6723","INR","No longer needed/wanted","Refund"
"171-4586809-1059502","ea22c821-4be9-4fad-8ec1-6b00f53d32a5","2016-06-27T14:10:21Z","749","INR","Style not as expected","Refund"
"171-9632017-6449117","56afe5fc-5a6f-4e95-b368-a4c8fad68e61","2016-06-21T15:30:12Z","No Refund","Not Available","No longer needed/wanted","Refund"
"404-1611300-0340343","6aa7175a-17a2-3128-be02-2e6ec8bd83d7","2016-06-14T06:56:40Z","277","INR","Not Available","Refund"
"404-1611300-0340343","6aa7175a-17a2-3128-be02-2e6ec8bd83d7","2016-06-14T06:56:40Z","277","INR","Not Available","Refund"
"404-1611300-0340343","7b4172c7-2111-4039-bbdd-86b3377d6b85","2016-06-05T05:48:50Z","154","INR","Incompatible or not useful for intended purpose","Refund"
"171-4241153-9335552","78725d1a-2b95-4bcb-a7e3-ec89fbb92291","2016-05-21T14:40:29Z","219.05","INR","Performance or quality not adequate","Refund"
"171-9592530-5587553","a1e34ed7-5ea1-4bd7-a32b-2b78573ecaca","2016-02-17T01:40:15Z","1505","INR","Not Available","Refund"
"171-9016730-4829108","1c7b8267-3cf4-4015-92c3-af08a4e74502","2015-12-31T06:34:12Z","No Refund","Not Available","Defective/Does not work properly","Refund"
"402-3213326-2557155","5293a4ba-b199-4829-8223-193bebcec326","2015-12-19T14:43:38Z","312","INR","Not Available","Refund"
"171-4814046-2217101","b28eaf61-51fb-4a3f-8a80-37ad7138f318","2015-12-19T11:56:11Z","949","INR","Incompatible or not useful for intended purpose","Refund"
"402-2796979-0223526","55e039eb-0c9d-46a1-b5ee-606106ebd668","2015-12-02T03:59:26Z","115","INR","Not Available","Refund"
"402-6984923-3577153","d30844d0-0e59-49e5-a65c-5b97f781cb9a","2015-11-13T02:39:40Z","100","INR","Incompatible or not useful for intended purpose","Refund"
"402-7509532-0288366","fd388185-3188-4361-bc48-9fce9adcc73c","2015-10-30T09:33:29Z","No Refund","Not Available","Style not as expected","Refund"
"171-9889127-8829956","9188c945-7a76-3b74-9869-ad7ac1e27244","2015-05-23T03:33:18Z","760","INR","Not Available","Refund"
"404-3795826-4312336","ea303c2c-7097-41f2-a6ff-dafcf74ed9d7","2015-05-18T18:55:52Z","No Refund","Not Available","Defective/Does not work properly","Refund"
"404-7395908-6324316","1fba7a92-fd3f-3821-ab7b-7d6951f347b7","2015-04-16T09:45:14Z","737","INR","Not Available","Refund"
"404-7418291-7496308","48b34e81-08d2-4c55-847a-cd3a2d84a1e7","2015-02-28T00:58:22Z","No Refund","Not Available","Performance or quality not adequate","Refund"
"403-4418668-3760358","d09be8c6-e60c-33b3-99ba-4f325848c4d6","2014-12-18T11:58:15Z","499","INR","Not Available","Refund"
"403-4081228-0705923","a158e3ec-b9d9-459f-b34b-3854f7bd7e38","2014-12-06T17:10:39Z","499","INR","Defective/Does not work properly","Refund"
