,WALNUT,EXPENSE,REPORT,,,,,
Name,Vicky,,,,,,,
Phone Number,+919450037508,,,,,,,
Email,viviamplus@gmail.com,,,,,,,
FROM,01-10-2020,TO,14-03-2021

DATE,TIME,PLACE,AMOUNT,ACCOUNT,EXPENSE,CATEGORY,TAGS,NOTE
01-10-20,06:28 AM,SAMOSA,25,CASH Spends,No,FOOD & DRINKS,,
01-10-20,05:25 PM,UPI FUNDS TRANSFER,641,SBI  7281,Yes,GAS,"#Gas, #Online",RefNo 027517943767 For Indane Gas Cylinder Papa
01-10-20,10:43 PM,RECHARGE TATA SKY SBI REWARDZ,139,SBI  7281,No,ENTERTAINMENT,"#Recharge, #TataSky",
02-10-20,07:27 AM,UPI FUNDS TRANSFER,30,SBI  7281,Yes,FOOD & DRINKS,"#Foods, #Online",RefNo 027607419031 Samosa
02-10-20,08:19 AM,AMAZON,797,AmEx credit 21003,Yes,GROCERIES,"#Online, #Grocery, #Foods",
02-10-20,10:36 AM,GAS,650,CASH Spends,No,GAS,"#Kichen, #Gas",Gas Vaibhav
02-10-20,11:04 AM,UPI FUNDS TRANSFER,129,SBI  7281,Yes,RECHARGE,"#Jio, #Online, #Recharge",RefNo 027611010807 Mummy Recharge
02-10-20,12:00 PM,AMAZON,499,AmEx credit 21003,No,CLOTHINGS & BEAUTY,"#Online, #AmexGold, #Amazon, #Wear",Nigh Wear Vanya Return on 17-10-20
02-10-20,04:59 PM,HAIR CUT,60,CASH Spends,No,LIVING,#Saloon,Cutting
02-10-20,08:42 PM,MILK@35/LTR,"3,000",CASH Spends,No,FOOD & DRINKS,#Milk,28 Aug to 30 Sep ( 90 ltr)
03-10-20,12:19 PM,SHRI NEELKANTHESHWER,60,CASH Spends,No,LIVING,#Prasad,
03-10-20,09:32 PM,GAS,641,CASH Spends,No,GAS,#Gas,Gas Delivered on 9th Oct
04-10-20,07:21 AM,SAMOSA,35,PAYTM Unknown,No,FOOD & DRINKS,"#Breakfast, #Foods",Samosa
05-10-20,06:39 AM,ATM,"2,000",SBI debit 7281,Yes,,,Ref#234866
06-10-20,08:02 PM,UPI FUNDS TRANSFER,23,SBI  7281,Yes,FOOD & DRINKS,#Online,RefNo 028020971313 Cumins
06-10-20,09:48 PM,CLOTHES,402,AmEx credit 21003,Yes,SHOPPING,"#Wear, #AmexGold, #Amazon",Vanya
07-10-20,08:31 AM,AMERICAN EXPRESS,"3,901.97",SBI  7281,No,WALNUT_SALARY,,
08-10-20,01:06 PM,UPI FUNDS TRANSFER,"9,000",SBI  7281,Yes,LIVING,"#Gpay, #Sbi, #Rent, #Online",RefNo 028213148943 Room Rent Bangalore
10-10-20,10:00 AM,AMAZON,187.5,AmEx credit 21003,Yes,SHOPPING,#Online,Body lotion
10-10-20,11:18 AM,WORK FROM HOME PACK,251,SBI  7281,Yes,RECHARGE,"#Sbi, #Jio, #Office, #Recharge",
11-10-20,04:07 AM,AMAZON,899,AmEx credit 21003,Yes,SHOPPING,"#Subscription, #Online, #AmexGold, #Amazon",Renewel of Amazon Prime
11-10-20,04:11 PM,AMAZON,449,AmEx credit 21003,No,SHOPPING,"#Online, #Amazon, #Wear, #AmexGold",Returned On 17-10-20 Patitala Suit
12-10-20,09:40 AM,DAGRAI TOLL PLAZA,115,PAYTM Unknown,Yes,TRAVEL,,
12-10-20,02:39 PM,VIGHAKHET TOLL PLAZA,70,PAYTM Unknown,Yes,TRAVEL,,
12-10-20,07:17 PM,TOLLS,420,PAYTM Unknown,Yes,TRAVEL,"#Paytm, #Car, #Tolls, #Fasttag",Bighakhet 110 Babina 145 and Dagrai 175
12-10-20,09:41 PM,BABINA TOLL PLAZA,95,PAYTM Unknown,Yes,TRAVEL,,
13-10-20,09:00 AM,DAGRAI TOLL PLAZA,60,PAYTM Unknown,Yes,TRAVEL,,
13-10-20,09:19 AM,PAYTM COM WA,"1,000",AmEx credit 21003,Yes,TRANSFER,"#Online, #Paytm, #AmexGold",To Paytm
14-10-20,09:18 AM,VIGHAKHET TOLL PLAZA,70,PAYTM Unknown,Yes,TRAVEL,,
14-10-20,10:00 AM,BABINA TOLL PLAZA,95,PAYTM Unknown,Yes,TRAVEL,,
14-10-20,10:30 AM,TOLLS,255,PAYTM Unknown,Yes,TRAVEL,"#Paytm, #Fasttag, #Tolls",To Jhansi
16-10-20,12:57 AM,FLIPKART BBD,"6,714",SBI debit 1437,Yes,SHOPPING,"#Online, #Amazon",Karcher Cartridge Sunglass Smitch
16-10-20,04:44 PM,AMAZON,"2,258",AmEx credit 21003,Yes,SHOPPING,"#Online, #Grocery, #Foods, #Amazon",
16-10-20,04:54 PM,AMAZON,203,AmEx credit 21003,Yes,SHOPPING,"#Online, #Amazon, #Foods, #Grocery",
16-10-20,10:29 PM,GAS,641,CASH Spends,No,GAS,#Gas,Gas
16-10-20,10:32 PM,GROCERY,"1,054",PAYTM Unknown,Yes,GROCERIES,"#Foods, #Grocery, #Paytm",
17-10-20,06:56 AM,BESCOM BILL,102,SBI  7281,Yes,BILLS,"#Bescom, #Electricity, #Bills",For September
17-10-20,08:04 AM,ATM,"9,500",SBI debit 3465,Yes,,"#PapaSBI, #Sbi",For General - Papa Account
18-10-20,05:58 PM,UPI FUNDS TRANSFER,85,SBI  7281,Yes,HEALTH,"#Online, #Sbi, #Gpay, #Medical",RefNo 029217722091 Cough Medicine
18-10-20,06:41 PM,GROCERY,148,SBI  7281,Yes,GROCERIES,"#Sbi, #Grocery, #Foods",Mega Mart Biscuit
19-10-20,07:21 PM,AMAZON,889,AmEx credit 21003,Yes,SHOPPING,#Online,Study Table Callas
20-10-20,01:57 PM,BILL TO DALMIA HEART CENTRE,"40,000",SBI  7281,No,HEALTH,"#LendingMoney, #Online, #Medical, #Gpay, #Sbi",RefNo 029413093513 To Deepak Hospital Bill Gwalior
20-10-20,06:15 PM,GROCERIES,194,SBI  7281,Yes,GROCERIES,"#Gpay, #Grocery, #Sbi, #Foods, #DryFruits","Dry fruits, Noodles"
21-10-20,09:40 AM,DRY FRUITS,"5,218.17",HDFC credit 5529,Yes,GROCERIES,"#Regallia, #Amazon, #Online",Amazon Tewtross Others
22-10-20,05:40 AM,KENT PRE FILTER,811.27,HDFC credit 5529,Yes,WALNUT_REFUND,"#Return, #Amazon, #Regallia",Return Kent Filter
22-10-20,07:25 PM,MEDICINE,230,SBI  7281,Yes,HEALTH,"#Medical, #Gpay, #Sbi",Medicine Glocin Gel Quadriderm
22-10-20,07:30 PM,DRY FRUITS,630,SBI  7281,Yes,GROCERIES,"#Gpay, #Sbi, #Foods, #DryFruits, #Grocery",Dry Fruits Anjeer Badam
22-10-20,08:32 PM,FRUITS,100,CASH Spends,No,FRUITS,#Fruits,Kiwi
23-10-20,08:31 AM,AMERICAN EXPRESS(INDIA) PRIVATE LIMITED,"105,905",SBI  7281,No,WALNUT_SALARY,,
23-10-20,02:42 PM,ATM,"9,500",SBI debit 7281,Yes,,,Ref#425548
23-10-20,08:56 PM,CONSTRUCTION,"5,280",CASH Spends,No,DREAM HOUSE,#Construction,Holes 51 + Labor 1200
24-10-20,11:13 AM,RETUN BACK,270,HDFC credit 5529,Yes,WALNUT_REFUND,"#Flipkart, #Online",For Bulb Return
24-10-20,09:45 PM,SWEETS,305,CASH Spends,No,FOOD & DRINKS,"#Sweets, #Grocery, #Foods",Sweets Rusk
24-10-20,10:03 PM,STATIONARY,110,CASH Spends,No,STATIONARY,#Stationary,Black Ink
25-10-20,11:07 AM,RECHARGE,129,PAYTM Unknown,Yes,RECHARGE,"#Sbi, #Paytm, #Recharge, #Jio",Mamta Recharge
26-10-20,02:09 PM,KARCHER RETURN,"5,385",SBI  7281,Yes,WALNUT_REFUND,"#Sbi, #Flipkart, #Return, #Kichen",Karche Return on Flipkart
26-10-20,09:09 PM,TATA SKY,50,PAYTM Unknown,Yes,ENTERTAINMENT,"#TataSky, #Paytm, #Recharge",Tata Sky
27-10-20,09:02 AM,ZERODHA BROKING,"36,997.19",SBI  7281,No,WALNUT_INVESTMENT_RETURNS,"#Settlement, #Zerodha",
27-10-20,07:01 PM,GROCERY,440,SBI  7281,Yes,HEALTH,"#Online, #Sbi, #DryFruits, #Grocery",RefNo 030119406830 Cashew
27-10-20,07:43 PM,FRUITS,100,CASH Spends,No,FRUITS,,Kiwis
28-10-20,08:58 PM,CONSTRUCTION,"1,000",CASH Spends,No,DREAM HOUSE,#Construction,For JCB
29-10-20,05:36 PM,RETURN FROM PINKI,"6,300",SBI  7281,Yes,WALNUT_REFUND,#Return,Pay back from pinki for tv
29-10-20,06:50 PM,MEDICINE,375,SBI  7281,Yes,HEALTH,"#Drugs, #Sbi, #Gpay, #Medical",Refresh Liquigel Plantezza Candiforce Ciflox 500
29-10-20,07:48 PM,FRUITS,130,CASH Spends,No,FRUITS,#Fruits,Kiwi Singhade
29-10-20,08:07 PM,ATM,"8,000",SBI debit 3465,Yes,,#Sbi,Papa Atm
29-10-20,10:19 PM,CONST,"1,600",CASH Spends,No,DREAM HOUSE,#Construction,JCB for Stone 1.30 Hr 1000₹/hr
30-10-20,12:20 PM,HEALTH,440,Amazon Pay  Unknown,No,HEALTH,"#Online, #Medical, #Amazon",Protinex
30-10-20,02:54 PM,GAS,650,CASH Spends,No,GAS,"#Gas, #Family",Cylinder Papa Connection
31-10-20,12:03 PM,SNACKS,50,SBI  7281,Yes,FOOD & DRINKS,#Online,RefNo 030534518156
31-10-20,09:31 PM,GROCERY INFYMART,375,SBI  7281,Yes,GROCERIES,,Flour Aashirbad
31-10-20,09:32 PM,FRUITS,120,CASH Spends,No,FRUITS,,Kiwis Beetroot
31-10-20,09:34 PM,DRY FRUITS,490,SBI  7281,Yes,FOOD & DRINKS,"#Sbi, #DryFruits",Dry Fruits
31-10-20,09:39 PM,MEGA MART,140,SBI  7281,Yes,GROCERIES,#Kichen,Agarbatti milk powder vim gel
01-11-20,10:04 PM,FLIPKART,400,SBI  7281,Yes,BILLS,"#Online, #Flipkart",IGAJTCDMA7 Suits  Ananya
01-11-20,10:15 PM,FLIPKART,360,PAYTM Unknown,Yes,SHOPPING,#Online,
02-11-20,07:23 AM,AMAZON,543,AmEx credit 21003,Yes,SHOPPING,"#Online, #Amazon, #AmexGold",Clothes Hood Vanya
03-11-20,08:09 AM,INNER LUX INFERNO,323,SBI  7281,Yes,CLOTHINGS & BEAUTY,"#Online, #Sbi, #Wear",Vanya
03-11-20,10:48 AM,MILK,"2,000",CASH Spends,No,FOOD & DRINKS,#Milk,Milk
03-11-20,08:11 PM,STATIONARY,80,SBI  7281,Yes,STATIONARY,"#Gpay, #Stationary",Diary and Notebook
04-11-20,06:04 AM,ANKIT KUMAR CHAURASIA,"1,100",SBI  7281,No,WALNUT_CREDIT,,Ref no 030906345270
04-11-20,08:40 AM,ATM,"9,500",SBI debit 7281,Yes,,"#Yono, #Sbi, #Viv",Ref#359774
04-11-20,05:19 PM,AMAZON,204,AmEx credit 21003,Yes,SHOPPING,#Online,
06-11-20,06:25 AM,KICHEN,313,SBI  7281,Yes,LIVING,"#Kichen, #Flipkart, #Sbi, #Gpay, #Paytm",Knife and Copy
06-11-20,10:46 AM,FLIPKART,485,SBI  7281,Yes,WALNUT_REFUND,,
06-11-20,07:58 PM,FLIPKART,228,PAYTM Unknown,Yes,SHOPPING,#Online,
07-11-20,03:36 PM,DRY FRUITS,910,SBI  7281,Yes,GROCERIES,"#Online, #Gpay, #DryFruits",Satkar Dry Fruits
07-11-20,03:37 PM,AMAZON,640,AmEx credit 21003,Yes,SHOPPING,"#Maintenance, #Online, #Amazon",Drainage Motor Washing Machine
07-11-20,03:40 PM,HEALTH,135,SBI  7281,Yes,HEALTH,"#Gpay, #Sbi, #Medical, #Drugs",Hemfer
07-11-20,03:45 PM,GROCERIES,910,SBI  7281,Yes,GROCERIES,"#Gpay, #Sbi, #Grocery, #Kichen",Ghee Others Infymart
07-11-20,07:06 PM,NET BANKING,"22,000",SBI  7281,No,TRANSFER,"#PPF, #Investment",IF25941853 To PPF
08-11-20,03:53 PM,AMERICAN E,"5,749.6",SBI  7281,No,BILLS,,IGAJUHPFR3 Bill For October
08-11-20,03:59 PM,LIVING,"9,000",SBI  7281,Yes,LIVING,"#Sbi, #Gpay, #Rent",Rent For October
08-11-20,07:32 PM,GROCERIES,68,SBI  7281,Yes,GROCERIES,,
08-11-20,08:17 PM,BILLS,"4,407",HDFC  0811,No,BILLS,"#Regallia, #HDFC, #Bills",HDFC bill for october
09-11-20,09:03 AM,AMAZON,973,AmEx credit 21003,Yes,SHOPPING,#Online,Wrench Glue gun Glue Stick
09-11-20,05:30 PM,HEALTH,94,SBI  7281,Yes,HEALTH,"#Gpay, #Drugs, #Medical",Candiforce Ciflox
10-11-20,08:43 AM,BILL PAYMENT,"5,749.6",AmEx credit 21003,No,WALNUT_BILL_PAYMENT,,
10-11-20,02:38 PM,GROCERIES,801,CASH Spends,No,GROCERIES,"#Online, #Kichen, #Amazon",Honey Dish Washer
12-11-20,05:42 PM,KICHEN,394,CASH Spends,No,LIVING,"#Amazon, #Online, #Grocery",Knife and scissors
12-11-20,05:43 PM,LIVING,778,SBI  7281,Yes,LIVING,"#Vaibhav, #Amazon, #Gpay",Ariel
12-11-20,05:45 PM,WRENCH,344,SBI  7281,Yes,LIVING,"#Gpay, #Amazon, #Online","10"" Wrench"
12-11-20,07:39 PM,GROCERIES,224,SBI  7281,Yes,GROCERIES,"#Online, #Gpay, #Grocery",Rusk
13-11-20,06:30 PM,SWEETS,347,SBI  7281,Yes,FOOD & DRINKS,,Coffee House Rasmalai Chhena
13-11-20,07:01 PM,DRY FRUITS,245,SBI  7281,Yes,GROCERIES,,Kiwi Pind Khjur Coconut
13-11-20,07:41 PM,MEDICINE,80,SBI  7281,Yes,HEALTH,"#Gpay, #Grocery, #Medical, #Online",Kasamrit
13-11-20,07:41 PM,GROCERIES,810,SBI  7281,Yes,GROCERIES,,Flour Sonpapdi Poha Milk Powder Sugar
13-11-20,07:43 PM,SWEETS DRY FRUITS,390,SBI  7281,Yes,FOOD & DRINKS,"#Online, #Gpay, #Grocery",Kaju Dry Fruits
14-11-20,09:06 AM,PAYTM UTILITIES,95,PAYTM Unknown,Yes,BILLS,#Online,
14-11-20,05:47 PM,CRACKERS,"2,970",CASH Spends,No,LIVING,#Crackers,Crackers
15-11-20,07:00 PM,ELECTRICITY BILL,95,PAYTM Unknown,Yes,LIVING,"#Online, #Bills, #Electricity, #Bescom",Electricity BESCOM October
16-11-20,10:16 PM,AMAZON,814,AmEx credit 21003,No,SHOPPING,#Online,
16-11-20,10:23 PM,AMAZON,"1,141",AmEx credit 21003,Yes,SHOPPING,"#Grocery, #Online, #Amazon",Groceries
17-11-20,06:32 PM,FLIPKART,188,SBI  7281,No,WALNUT_REFUND,,IMPS Ref no 032218928032
17-11-20,08:10 PM,MEDICINE,108,SBI  7281,Yes,HEALTH,"#Medical, #Drugs, #Sbi",Alex Cough
18-11-20,05:47 PM,ATM,"18,000",SBI debit 3465,Yes,,"#Sbi, #PapaSBI",Cash
19-11-20,10:21 PM,GIFT,599,SBI  7281,Yes,GROCERIES,"#Netbanking, #Online, #Amazon, #Sbi",IGAJWMSXO1
20-11-20,07:31 AM,UP POWER C,"2,899",SBI  7281,Yes,BILLS,"#Uppcl, #Sbi, #Online, #Netbanking, #Construction, #Electricity",IGAJWNEFK3 Temporary Electricity Connection at Plot Estimated Cost
20-11-20,07:49 PM,JIO POSTPAID,489,PAYTM Unknown,Yes,BILLS,"#Online, #Netbanking, #Sbi, #Jio",For Jio Postpaid Bill
20-11-20,07:50 PM,CONSTRUCTION,"7,500",CASH Spends,No,DREAM HOUSE,"#JCB, #Puran, #Construction",JCB 3500 And Puran 4000
20-11-20,08:00 PM,FRUITS,125,SBI  7281,Yes,FRUITS,"#Sbi, #Online, #Fruits",Kiwis
21-11-20,06:39 PM,SNACKS,55,SBI  7281,Yes,FOOD & DRINKS,,RefNo 032618351805 Mega Global
21-11-20,08:12 PM,CONNETION WIRE,"1,050",CASH Spends,No,DREAM HOUSE,"#Construction, #Electricity",For Electric Connection
21-11-20,08:41 PM,AMAZON,"1,102",AmEx credit 21003,Yes,BILLS,#Online,
21-11-20,09:11 PM,HOSE PIPE,"1,299",AmEx credit 21003,Yes,DREAM HOUSE,"#Online, #Amazon, #Construction",For Water Hose Pipe
22-11-20,01:02 PM,AMAZON,239,AmEx credit 21003,Yes,DREAM HOUSE,#Online,Drill Bit Concrete
23-11-20,08:59 AM,UPI FUNDS TRANSFER VAIBHAV,"50,000",SBI  7281,No,TRANSFER,"#Vaibhav, #Sbi, #VivekSBI",RefNo 032808895702 Construction
23-11-20,01:11 PM,ATM,"18,000",SBI debit 7281,Yes,,#Construction,Ref#615299 For Construction
23-11-20,06:44 PM,SWEETS,542,SBI  7281,Yes,FOOD & DRINKS,"#Snacks, #Foods, #Sweets",Evening Snacks Chhena Rasmalai Gajak Bread
23-11-20,06:50 PM,BLOOD REPORT,850,SBI  7281,Yes,HEALTH,"#Medical, #Gpay",RefNo 032818300705 Blood Report Mamta
24-11-20,06:41 PM,ATM,"18,000",SBI debit 7281,Yes,,"#Construction, #Dust, #Gitti40",Ref#065955
24-11-20,11:12 PM,GITTI 20 MM GITTI 40 MM AND DUST 24 TON,"34,800",CASH Spends,No,DREAM HOUSE,"#Dust, #Gitti40, #Gitti20, #Construction",Material - Gitti(20MM and 40MM) Dust
24-11-20,11:16 PM,MEDICINE,120,CASH Spends,No,HEALTH,,Hemfer
25-11-20,08:02 AM,AMERICAN EXPRESS(INDIA) PRIVATE LIMITED,"112,997",SBI  7281,No,WALNUT_SALARY,,
25-11-20,07:00 PM,AMAZON,"5,590",AmEx credit 21003,Yes,DREAM HOUSE,#Online,Bosch  Laser Measurement
26-11-20,11:18 AM,ATM CASH WITHDRAWL,"10,000",SBI debit 3465,Yes,UNKNOWN,"#Construction, #Sbi, #PapaSBI",Construction
26-11-20,02:01 PM,ACCOUNT VERIFICATION CEMENT,1,SBI  7281,Yes,DREAM HOUSE,"#Construction, #Cement",RefNo 033114361618
26-11-20,02:14 PM,UPI FUND TRANSFER CEMENT,"99,900",SBI  7281,Yes,DREAM HOUSE,"#Advance, #Cement, #Construction",RefNo 033114487349 For Cement 270 Bag Advance Gupta Ji
26-11-20,07:20 PM,SHUDHH GHEE,545,SBI  7281,Yes,GROCERIES,"#Foods, #Family, #Sbi, #Vaibhav, #Gpay",Govardhan Ghee
26-11-20,07:20 PM,FRUITS,120,SBI  7281,Yes,FRUITS,"#Gpay, #Vaibhav, #Sbi",Kiwi
26-11-20,07:24 PM,CONSTRUCTION,"1,022",CASH Spends,No,DREAM HOUSE,,Tripal 160Section Hose 150Pipe 712
26-11-20,07:27 PM,DINNER,387,SBI  7281,Yes,FOOD & DRINKS,"#Online, #Foods, #Gpay, #Vaibhav, #Family",Anand Bhojnalay
26-11-20,07:33 PM,MEDICAL FEE,250,CASH Spends,No,HEALTH,#Medical,For Mamta Cough Chaturvedi
26-11-20,07:39 PM,SWEETS,430,SBI  7281,Yes,FOOD & DRINKS,"#Family, #Foods, #Gpay, #Vaibhav",Neelkamal
26-11-20,07:42 PM,DRUGS,120,SBI  7281,Yes,HEALTH,"#Medical, #Gpay, #Vaibhav, #Drugs",Grilinctus
27-11-20,03:23 PM,PANKAJ,"40,000",CASH Spends,No,WALNUT_CREDIT,,For Deepak Operation
27-11-20,09:00 PM,STATIONARY,110,SBI  7281,Yes,STATIONARY,#Stationary,Notepad Folder
27-11-20,09:50 PM,CHAIN,180,CASH Spends,No,DREAM HOUSE,#Construction,Chain for lock
28-11-20,08:46 AM,VIBRATOR,"4,802",AmEx credit 21003,Yes,DREAM HOUSE,"#Tools, #Online, #Construction, #AmexGold",Concrete Vibrator
28-11-20,11:25 AM,FLIPKART,"4,521",CitiBank credit 4788,Yes,TRAVEL,"#Flight, #Online, #Citi, #Friends",Flight to and from Ahemdabad
28-11-20,04:13 PM,HEALTH,289,AmEx credit 21003,Yes,HEALTH,#Online,Hot Bag
29-11-20,10:27 PM,AMAZON REFUND,"1,299",AmEx credit 21003,Yes,WALNUT_REFUND,#Construction,Hose Pipe Return
30-11-20,10:23 AM,SAMOSA,40,SBI  7281,Yes,FOOD & DRINKS,"#Gpay, #Foods, #Snacks, #Breakfast",RefNo 033510625466 Samosa
30-11-20,06:16 PM,WATER BAG,99,SBI  7281,Yes,LIVING,,
30-11-20,07:54 PM,GROCERIES AND LIVING,"1,836",SBI  7281,Yes,GROCERIES,"#Family, #Gpay, #Sbi, #Grocery, #Wear",Ghee 2Kg Slippers
30-11-20,07:58 PM,JIO NET,101,SBI  7281,Yes,RECHARGE,"#Gpay, #Jio",Jio Net
01-12-20,02:31 AM,HEALTH,388,AmEx credit 21003,Yes,HEALTH,#Online,
01-12-20,10:29 AM,TICKET FROM BHOPAL,107.29,SBI  7281,Yes,TRAVEL,,RefNo 033660817465 Chacha Ticket From Bhopal
01-12-20,10:59 AM,TO VAIBHAV,"75,000",SBI  7281,No,TRANSFER,"#TmtBar, #Construction, #Sbi, #Vaibhav",For Tmt Bar and Construction
01-12-20,07:01 PM,TMT BAR,"58,070",SBI  7281,No,DREAM HOUSE,"#TmtBar, #Sbi, #Online, #Construction, #Gpay",To Ankit Samaiya by Vaibhav
01-12-20,08:35 PM,HEALTH,"1,099",AmEx credit 21003,Yes,HEALTH,"#Online, #Amazon",Dr Trust Nebulizer
01-12-20,11:53 PM,TRAVEL TO INDORE,"1,094",SBI  7281,Yes,TRAVEL,"#Train, #Sbi, #Online",To Indore
02-12-20,03:39 AM,TRAVEL FROM INDORE TO LALITPUR,"1,094.09",SBI  7281,Yes,TRAVEL,"#Bhim, #Train, #Sbi",RefNo 033777623480
02-12-20,04:13 AM,IRCTC,860,IRCTC Messages,No,WALNUT_REFUND,,Indian Railway refund
02-12-20,04:15 AM,CANCELLATION,230,SBI  7281,Yes,TRAVEL,"#Sbi, #Travel",For Cancellation
02-12-20,10:27 AM,TMT BAR FROM VAIBHAV,"22,920",SBI  7281,Yes,DREAM HOUSE,"#Construction, #Gpay, #TmtBar, #Vaibhav",For Tmt Bar From Kanchan Seteel
02-12-20,06:25 PM,STONE PIECES,"2,000",CASH Spends,No,DREAM HOUSE,"#StonePieces, #Construction",165 Stone Pieces + 50 + 100
02-12-20,06:41 PM,CONTRACT ADVANCE,"8,000",CASH Spends,No,DREAM HOUSE,,To Pooran for Contract Advance
02-12-20,07:16 PM,GRILINCTUS,104,CASH Spends,No,HEALTH,#Medical,Grilinctus
02-12-20,08:14 PM,FOOD,180,CASH Spends,No,FOOD & DRINKS,#Foods,Egg Cret
03-12-20,06:34 PM,STONE PIECES,"1,000",CASH Spends,No,DREAM HOUSE,"#StonePieces, #Construction",180 Pieces + 30 Petrol +750 Advance
03-12-20,07:31 PM,ALEX,67,CASH Spends,No,HEALTH,#Medical,Alex
03-12-20,08:15 PM,ALOO CHAT,50,CASH Spends,No,FOOD & DRINKS,"#Snacks, #Foods",
03-12-20,10:12 PM,AMERICAN E,"14,210.7",SBI  7281,No,BILLS,"#Sbi, #AmexGold, #Bills",IGAJYYYSS3
04-12-20,08:07 AM,PANEER,160,CASH Spends,No,SABJI AND DAIRY PRODUCT,"#DairyProduct, #Sabji, #Foods",Paneer Matar
04-12-20,11:23 AM,GAS,691,CASH Spends,No,GAS,#Gas,Indane For Papa
04-12-20,05:22 PM,STONE BREAKER,"1,000",CASH Spends,No,DREAM HOUSE,"#Construction, #StonePieces",For 148 Pieces + 30 Petrol +832 Advance
05-12-20,10:57 AM,ULTRASOUND,600,SBI  7281,Yes,HEALTH,"#Ultrasound, #Gpay, #Medical",RefNo 034010293234
05-12-20,12:59 PM,SNAKS,75,SBI  7281,Yes,FOOD & DRINKS,,RefNo 034012040719 Tikiya
05-12-20,07:21 PM,MUMMY RECHARGE,129,SBI  7281,Yes,RECHARGE,,RefNo 034019754916
06-12-20,08:48 AM,STONE PIECES,510,CASH Spends,No,DREAM HOUSE,"#StonePieces, #Construction",80 Khanda=480+ 30 Petrol
06-12-20,04:02 PM,MANGALAM,493,SBI  7281,Yes,FOOD & DRINKS,,RefNo 034116434915
06-12-20,07:45 PM,KIWIS APPLE,160,SBI  7281,Yes,FRUITS,,RefNo 034119565182
06-12-20,08:12 PM,GAJAK BREAD,365,SBI  7281,Yes,FOOD & DRINKS,,RefNo 034120826205
07-12-20,10:16 AM,SHISHUPAL BHAI,"1,000",CASH Spends,No,WALNUT_CREDIT,,For Indane Gas
08-12-20,08:14 AM,GAS,691,CASH Spends,No,GAS,"#Family, #Gas",Vaibhav Indane
08-12-20,04:17 PM,TATA WIRE,450,CASH Spends,No,DREAM HOUSE,#Construction,Tata Wire
09-12-20,08:18 AM,FLIPKART PAYMENTS,"1,651",CitiBank credit 4788,No,WALNUT_REFUND,"#Flipkart, #Flight, #Travel",Refunf For Flight
09-12-20,08:18 AM,FLIPKART PAYMENTS,"2,870",CitiBank credit 4788,No,WALNUT_REFUND,"#Travel, #Flight, #Flipkart",Refund
09-12-20,11:19 AM,BRUSH FOR FRAME OILING,120,CASH Spends,No,DREAM HOUSE,#Construction,For Column Frame Paint
09-12-20,02:00 PM,DRUGS,160,SBI  7281,Yes,HEALTH,#Medical,RefNo 034414357003 Glucon D
10-12-20,03:11 AM,KICHEN,907,AmEx credit 21003,Yes,GROCERIES,"#Online, #Grocery, #Family, #Amazon",Groceries Amazon
10-12-20,09:16 AM,TICKET TO LALITPUR,489.09,SBI  7281,Yes,TRAVEL,"#Trains, #Travel",RefNo 034534695214 Papa Shatabdi Ticketto Lar
11-12-20,07:00 AM,KICHEN,871,AmEx credit 21003,Yes,GROCERIES,"#Online, #Family, #Grocery","Ashirbad,Maggi"
11-12-20,07:52 AM,ATM,"10,000",SBI debit 3465,Yes,,#PapaSBI,From Papa
11-12-20,11:32 AM,CONTRACT ADVANCE,"15,000",CASH Spends,No,DREAM HOUSE,"#Construction, #Puran",To Puran For Contract Advance
12-12-20,08:43 PM,KICHEN,245,CASH Spends,No,LIVING,"#Family, #Grocery, #Foods",Ashirbad Bread Tea
13-12-20,03:36 PM,GOOGLE PAY REWARDS,5,SBI  7281,No,WALNUT_REWARDS,,Ref no 034815960547
13-12-20,03:54 PM,RENT TO RAMYA,"9,000",SBI  7281,Yes,LIVING,"#Online, #Gpay, #Rent",Rent For Nov
14-12-20,09:51 AM,HONEY,800,CASH Spends,No,LIVING,"#Foods, #Grocery, #Family",Honey
14-12-20,05:40 PM,SOILING FILLING,"4,000",CASH Spends,No,DREAM HOUSE,"#Construction, #Vaibhav, #SoilFilling@2000/dumper",Soil Filling
15-12-20,05:46 PM,JCB,750,CASH Spends,No,DREAM HOUSE,#Plain@1000/hr,For Plain the filling 45 min
15-12-20,05:49 PM,LOADING KHANDA,600,CASH Spends,No,DREAM HOUSE,"#Construction, #Vaibhav",Khanda transfer
15-12-20,08:07 PM,BESCOM,78,PAYTM Unknown,Yes,BILLS,#Electricity,Bescom
16-12-20,03:56 PM,ATM,"18,000",SBI debit 3465,Yes,,"#Construction, #PapaSBI",For Construction
16-12-20,05:38 PM,MAINTENANCE,"2,470",SBI  7281,Yes,CAR & BIKE,"#Gpay, #Vaibhav, #Maintenance, #Car",Hub Bearing 680*2 Master Cylinder 1050 Break Oil
16-12-20,05:42 PM,SOIL FILLING,"15,000",CASH Spends,No,DREAM HOUSE,"#SoilFilling@2000/dumper, #Construction, #Vaibhav",Total 10 round = 20000
17-12-20,04:20 AM,KICHEN,360,AmEx credit 21003,Yes,GROCERIES,"#Online, #Living",
18-12-20,11:03 AM,INVESTMENT,"90,000",SBI  7281,Yes,INVESTMENT,"#Family, #Sbi, #Investment, #Zerodha",Zerodha
18-12-20,06:41 PM,WEARING,950,SBI  7281,Yes,CLOTHINGS & BEAUTY,"#Sbi, #Wear, #Gpay",For Vanya Warm Clothes
18-12-20,06:48 PM,DRY FRUITS,"1,245",SBI  7281,Yes,GROCERIES,"#Grocery, #Foods, #DryFruits",RefNo 035318254162
18-12-20,07:17 PM,CHEESE,356,SBI  7281,Yes,FOOD & DRINKS,#DairyProduct,RefNo 035319599472
18-12-20,07:50 PM,BREAD,30,SBI  7281,Yes,FOOD & DRINKS,#Foods,Bread
18-12-20,08:02 PM,BREAK HOSE PIPE,150,SBI  7281,Yes,CAR & BIKE,"#Maintenance, #Car",RefNo 035320091861 Break Hose Pipe
19-12-20,10:58 AM,SAMRAT CEMENT,"7,500",SBI  7281,Yes,DREAM HOUSE,"#Cement, #Construction",IMPS Ref no 035410834996
19-12-20,05:47 PM,EFILING PO,"3,320.1",SBI  7281,Yes,BILLS,#Company,IGAKBXORI8 Registration Of Company
19-12-20,05:48 PM,CONTRACTOR SUNIL,500,CASH Spends,No,DREAM HOUSE,"#Construction, #Sunil",Advance
19-12-20,07:08 PM,PANEER,120,CASH Spends,No,SABJI AND DAIRY PRODUCT,"#Foods, #DairyProduct",Paneer
20-12-20,09:56 AM,CASH WITHDRAWAL,"18,000",SBI debit 3465,Yes,UNKNOWN,"#PapaSBI, #Sbi, #Construction",Construction
20-12-20,11:28 AM,JIO BILL,942.82,SBI  7281,Yes,BILLS,,RefNo 035511932541 Jio Postpaid Bill Nov to Dec
20-12-20,07:09 PM,DUST,"14,000",CASH Spends,No,DREAM HOUSE,"#Construction, #Dust",24 Ton
20-12-20,07:18 PM,BEARING CHANGE,500,CASH Spends,No,CAR & BIKE,"#Car, #Maintenance",Bearing Change
21-12-20,01:45 PM,CASH WITHDRAWL,"18,000",SBI debit 3465,Yes,UNKNOWN,"#Construction, #Sbi, #PapaSBI",Construction
21-12-20,05:43 PM,CONTRACTOR SUNIL,"10,000",CASH Spends,No,DREAM HOUSE,"#Sunil, #Construction",Contract Advance
21-12-20,05:45 PM,MITTI PURAV,"5,000",CASH Spends,No,DREAM HOUSE,"#RanuRaja, #Construction, #SoilFilling@2000/dumper",For 5 Dumper Purav ( Remaining 5000 Rs)
21-12-20,09:55 PM,FRUITS,60,CASH Spends,No,FRUITS,#Foods,Fruits
22-12-20,09:18 PM,MITTI PURAV,"4,000",CASH Spends,No,DREAM HOUSE,"#Construction, #SoilFilling@2000/dumper",Mitti Purav
22-12-20,09:19 PM,JCB,"1,000",CASH Spends,No,DREAM HOUSE,"#RanuRaja, #Plain@1000/hr, #JCB",JCB 1 Hr
23-12-20,07:25 AM,DHARMENDRA,"4,000",SBI  7281,Yes,DREAM HOUSE,"#VivekSBI, #DharmendraBhaiShab, #SoilFilling@2000/dumper, #Construction",IT00CLNRW7 For 2 Dumper Filling
23-12-20,07:34 PM,COFFEE,60,SBI  7281,Yes,FOOD & DRINKS,#Foods,RefNo 035819119998
23-12-20,07:49 PM,REFRESH LIQUIGEL,194,SBI  7281,Yes,HEALTH,"#Gpay, #Medical",RefNo 035819307798
23-12-20,08:05 PM,HEMFER,165,SBI  7281,Yes,HEALTH,"#Medical, #Gpay",RefNo 035820492719
24-12-20,05:46 AM,KICHEN,802,AmEx credit 21003,Yes,GROCERIES,"#Online, #Foods, #Amazon",Groceries
24-12-20,08:01 AM,AMERICAN EXPRESS(INDIA) PRIVATE LIMITED,"112,977",SBI  7281,No,WALNUT_SALARY,,
24-12-20,10:04 AM,MILK PAYMENT,"1,800",SBI  7281,Yes,FOOD & DRINKS,"#Family, #Milk",RefNo 035910111247
24-12-20,10:59 AM,CASH WITHDRAWL PAPA,"18,000",SBI debit 3465,Yes,UNKNOWN,"#Construction, #PapaSBI",Construction
24-12-20,03:44 PM,GAJAK,185,SBI  7281,Yes,FOOD & DRINKS,"#DairyProduct, #Gpay",Bread Rusk
24-12-20,08:28 PM,GOWARDHAN,541,SBI  7281,Yes,GROCERIES,,RefNo 035920469950
25-12-20,09:28 AM,CASH WITHDRAWL,"18,000",SBI debit 3465,Yes,UNKNOWN,"#Construction, #PapaSBI",Construction
25-12-20,10:47 AM,CONTRACTOR ADVANCE,"8,000",CASH Spends,No,DREAM HOUSE,"#Construction, #Sunil",To Sunil
25-12-20,05:51 PM,SWEETS,145,CASH Spends,No,FOOD & DRINKS,,Sonpapdi Chocolate
25-12-20,06:37 PM,SWEETS,600,PAYTM Unknown,Yes,FOOD & DRINKS,"#DairyProduct, #Sweets",Sweets
25-12-20,08:36 PM,BABINA TOLL,145,PAYTM Unknown,Yes,CAR & BIKE,"#Fasttag, #Tolls, #Travel, #Car",Toll
25-12-20,10:46 PM,VIGHAKHET TOLL PLAZA,110,PAYTM Unknown,Yes,TRAVEL,"#Car, #Travel, #Tolls, #Fasttag",Tolls
26-12-20,10:07 AM,PPF,"58,000",SBI  7281,No,TRANSFER,,IF26465087 PPF
26-12-20,11:14 AM,UPI FUNDS  TO VAIBHAV,"10,000",SBI  7281,No,TRANSFER,,RefNo 036111415643 Construction
27-12-20,07:01 AM,SBI FUNDS,"5,000",SBI  7281,Yes,BILLS,"#SBIMF, #Investment",IGAKDEHNI0
27-12-20,05:35 PM,TMT BAR,"159,297",HDFC credit 5529,Yes,DREAM HOUSE,"#TataTISCON, #Online, #Construction, #TmtBar, #HDFC, #Regallia",Tata tiscon Tmt Bar
28-12-20,06:21 AM,ORPAT ROOM CONVECTOR,"1,199",AmEx credit 21003,Yes,LIVING,"#Living, #Online",Room Heater
28-12-20,03:31 PM,UPI FUNDS TRANSFER TO VAIBHAV,"10,000",SBI  7281,No,TRANSFER,"#Borewell, #Living, #Construction",RefNo 036315573961
28-12-20,05:13 PM,SUMBERSIBLE SET,"9,150",SBI  7281,Yes,DREAM HOUSE,"#Living, #Borewell, #Construction, #Gpay, #Vaibhav","Vguard 8500 ,Cable Texmo 350@30/m and String 300@15/m"
28-12-20,05:28 PM,SOIL FILLING,"7,000",CASH Spends,No,DREAM HOUSE,"#SoilFilling@2000/dumper, #Construction, #RanuRaja",Soil Filling
28-12-20,05:30 PM,PLAIN,700,CASH Spends,No,DREAM HOUSE,"#RanuRaja, #Construction, #JCB, #Plain@1000/hr",Plain the filling
28-12-20,08:39 PM,HAWKINS NONSTICK,756,AmEx credit 21003,Yes,LIVING,#Online,
29-12-20,04:54 AM,REVERSAL,"9,270",SBI  7281,No,WALNUT_REFUND,,20134173134 ITD TAX REFUND AY
29-12-20,11:09 AM,BOOKING FOR HYUNDAI,"21,000",SBI  7281,No,CAR & BIKE,"#NatrajHyudai, #Living, #Car",IMPS Ref no 036411707321 Booking For Venue SX 1.5 CRDI Disel Grey
30-12-20,12:39 AM,FLIPKART,"2,104",CitiBank credit 4788,Yes,SHOPPING,#Online,Iron and clothes
30-12-20,09:36 AM,AMAZON GROCERIES,835,AmEx credit 21003,Yes,LIVING,#Online,
30-12-20,03:28 PM,ATM PAPA,"19,000",SBI debit 3465,Yes,UNKNOWN,#Construction,For Construction
30-12-20,04:24 PM,CAR MAINTENANCE,200,CASH Spends,No,CAR & BIKE,"#Construction, #Car",Car Silencer
30-12-20,07:19 PM,UPI INFYMART,126,SBI  7281,Yes,GROCERIES,"#Infy, #Gpay, #VivekSBI",RefNo 036519983072
30-12-20,07:21 PM,UPI FUNDS TRANSFER INFY,126,SBI  7281,Yes,GROCERIES,"#Bhim, #Grocery, #VivekSBI",RefNo 036519433847 UPI
30-12-20,07:58 PM,UPI FUNDS TRANSFER SATKAR,"2,545",SBI  7281,Yes,GROCERIES,"#Satkar, #VivekSBI, #Gpay, #Grocery",RefNo 036519590797 Groceries
30-12-20,08:24 PM,EGG CRET,180,CASH Spends,No,FOOD & DRINKS,#Foods,Egg Cret
30-12-20,11:24 PM,JCB,600,CASH Spends,No,DREAM HOUSE,#Construction,For Plain the Filling
31-12-20,10:46 AM,CASH WITHDRAWAL,"20,000",SBI debit 3465,Yes,UNKNOWN,"#Construction, #PapaSBI",Construction
31-12-20,03:58 PM,BREAD NAMKEEN,350,CASH Spends,No,FOOD & DRINKS,"#Sweets, #Snacks",Bread Namkeen Fruits
31-12-20,07:40 PM,COVER FOR BAR,480,CASH Spends,No,DREAM HOUSE,#Construction,8 m cover for tmt bar
31-12-20,08:06 PM,UPI FUNDS TRANSFER INFYMART,116,SBI  7281,Yes,GROCERIES,,RefNo 036620633156
31-12-20,08:29 PM,UPI FUNDS TRANSFER COFFEE HOUSE,500,SBI  7281,Yes,FOOD & DRINKS,"#Online, #Sweets, #Bhim",RefNo 036620668767 Rasmalai Chhena
31-12-20,08:38 PM,NEW YEAR CAKE,290,CASH Spends,No,FOOD & DRINKS,#Sweets,Cake
31-12-20,09:25 PM,SOILING FILLING,"18,000",CASH Spends,No,DREAM HOUSE,"#Construction, #SoilFilling@2000/dumper, #RanuRaja",Soil Filling
31-12-20,10:41 PM,TMT BAR,"120,240",HDFC credit 5529,Yes,DREAM HOUSE,"#Cashback5%, #Construction, #TataTISCON, #Online, #Regallia, #HDFC",Tmt Bar From Ashiyana HDFC cash back
01-01-21,09:02 AM,ATM VIVEK,"6,000",SBI debit 7281,Yes,UNKNOWN,,Ref#540123
01-01-21,10:47 AM,TOLLS,260,CASH Spends,No,TRAVEL,"#Car, #Paytm, #Fasttag, #Tolls",
01-01-21,11:59 AM,PAYTM COM WA,682,AmEx credit 21003,Yes,TRANSFER,"#Online, #Foods",Dominoz
01-01-21,01:51 PM,PIZZA,200,PAYTM Unknown,Yes,FOOD & DRINKS,"#Foods, #Online",Pizza
01-01-21,07:21 PM,SWEETS,760,CASH Spends,No,FOOD & DRINKS,"#Foods, #Sweets, #Family",Rasmalai
01-01-21,07:29 PM,TO VANYA,"3,000",CASH Spends,No,LIVING,"#Mamta, #Family",To Vanya For Expenses
01-01-21,07:30 PM,SOCIAL GIFT TO CHILDREN,250,CASH Spends,No,LIVING,"#Gift, #Family",Gift to Child
01-01-21,08:21 PM,BABINA TOLL PLAZA,50,PAYTM Unknown,Yes,TRAVEL,,
01-01-21,11:02 PM,VIGHAKHET TOLL PLAZA,40,PAYTM Unknown,Yes,TRAVEL,,
02-01-21,05:03 PM,MRF TYRE,"2,000",SBI  7281,Yes,CAR & BIKE,"#Car, #Bhim, #VivekSBI",Mrf Tyre For 8000
03-01-21,05:01 AM,FLIPKART,573,CitiBank credit 4788,Yes,SHOPPING,#Online,
03-01-21,11:47 AM,TYRE MRF,"2,000",SBI  7281,Yes,CAR & BIKE,"#VivekSBI, #Car, #Vaibhav, #Gpay",Mrf Tyre
03-01-21,11:48 AM,BEHALF OF SONY JI TO AJAY,"2,000",CASH Spends,No,DREAM HOUSE,#SoilFilling@2000/dumper,For Soil Filling
05-01-21,11:53 AM,PPF,"5,000",SBI  XXXX,Yes,INVESTMENT,,SI03282391
06-01-21,08:16 AM,FLIPKART PAYMENTS,611,CitiBank credit 4788,No,WALNUT_REFUND,,
06-01-21,08:16 AM,FLIPKART PAYMENTS,439,CitiBank credit 4788,No,WALNUT_REFUND,,
06-01-21,05:58 PM,AMAZON GROCERIES,"1,014",AmEx credit 21003,Yes,LIVING,#Online,
07-01-21,03:14 PM,ATM,"10,000",SBI debit 3465,Yes,,,
07-01-21,03:28 PM,CASH WITHDRAWAL FROM PNB,"10,000",CASH Spends,No,DREAM HOUSE,#Construction,For Construction
07-01-21,08:23 PM,TOWARDS CASH PAYMENT BY CHEQUE NO.217886,"100,000",SBI Papa 3465,No,DREAM HOUSE,,For Construction
08-01-21,03:20 AM,ZERODHA BR,"100,000",SBI  7281,No,TRANSFER,,IGAKFLZAS9
08-01-21,04:03 AM,SBI FUNDS,"5,000",SBI  7281,Yes,BILLS,,IGAKFLZCS9
08-01-21,08:43 AM,AMERICAN EXPRESS(INDIA) PRIVATE LIMITED,"1,398",SBI  7281,No,WALNUT_REIMBURSEMENT,,For Internet Reimbursement
08-01-21,11:14 AM,CREDIT,1,Amazon Pay  Unknown,No,WALNUT_CREDIT,,
08-01-21,11:17 AM,CREDIT,1,Amazon Pay  Unknown,No,WALNUT_CREDIT,,Up to Rs 10 back on Cash load
08-01-21,04:14 PM,UPI FUNDS TRANSFER,90,SBI  7281,Yes,CAR & BIKE,,RefNo 100816190020 Bush Kit Stabilizer Rod
08-01-21,05:44 PM,LUNCH,176,CASH Spends,No,FOOD & DRINKS,,Lunch
08-01-21,11:04 PM,SMART PARTS ONLINE PRI,623,PAYTM Unknown,Yes,SHOPPING,"#Car, #Online, #Paytm",Front Suspension Arm Returned on 14-01-21
09-01-21,11:22 AM,GIFT TO CHILD,100,CASH Spends,No,LIVING,#Gift,
09-01-21,11:23 AM,FARE,180,CASH Spends,No,TRAVEL,,To and From Jhansi
09-01-21,09:35 PM,AMAZON GROCERIES,277,AmEx credit 21003,Yes,LIVING,#Online,Harpik
09-01-21,09:35 PM,AMAZON PAY,2,Amazon Pay  Unknown,No,GROCERIES,,
09-01-21,09:39 PM,FLIPKART,625,CitiBank credit 4788,No,SHOPPING,#Online,Shawl for Vanya
09-01-21,10:33 PM,AMAZON GROCERIES,"1,258",AmEx credit 21003,Yes,LIVING,#Online,New Born Clothes
10-01-21,03:32 PM,CAR MAINTENANCE,835,CASH Spends,No,CAR & BIKE,,Arm change and others
11-01-21,12:16 PM,VIVEK,"50,000",SBI Papa 3465,No,TRANSFER,,IT00CWOQY3
11-01-21,12:16 PM,UPI FUNDS TRANSFER,"30,000",SBI  7281,No,TRANSFER,"#Zerodha, #Investment, #Bhim",RefNo 101112431153
11-01-21,12:32 PM,AMAZON GROCERIES,"1,478",AmEx credit 21003,Yes,LIVING,#Online,
11-01-21,02:56 PM,MR. RAMESH KUMAR,"50,000",SBI  7281,No,WALNUT_CREDIT,,For Zerodha
11-01-21,05:58 PM,GAS,750,CASH Spends,No,GAS,#Gas,Gas Papa
12-01-21,09:41 AM,REV-UPI,1,SBI  7281,No,WALNUT_REFUND,,Ref no 101209113001
12-01-21,06:57 PM,DAIRY,332,SBI  7281,Yes,FOOD & DRINKS,"#Gpay, #Family, #Foods, #DairyProduct",Cheese butter
13-01-21,07:33 PM,BHIM UPI FUNDS TRANSFER,265,SBI  7281,Yes,FOOD & DRINKS,"#Bhim, #Family, #Foods, #Sweets",RefNo 101319932907 Gajak
13-01-21,07:51 PM,BHIM UPI FUNDS TRANSFER,180,SBI  7281,Yes,FOOD & DRINKS,"#Foods, #Family, #Bhim",RefNo 101319949948
13-01-21,08:13 PM,BHIM UPI FUNDS TRANSFER,50,SBI  7281,Yes,FOOD & DRINKS,"#Foods, #Bhim",Snacks
14-01-21,09:27 AM,UPI FUNDS TRANSFER,95,SBI  7281,Yes,FOOD & DRINKS,"#Bhim, #Family, #Foods",RefNo 101409141630 Namkeen
14-01-21,10:24 AM,NET RECHARGE,101,SBI  7281,Yes,RECHARGE,"#Online, #Bhim, #Recharge",Jio Net
14-01-21,11:25 PM,UPI FUNDS TRANSFER,1,SBI  7281,Yes,TRAVEL,,RefNo 101448583675
15-01-21,08:42 AM,AMAZON GROCERIES,"2,524",AmEx credit 21003,Yes,LIVING,#Online,
15-01-21,11:00 AM,UPI FUNDS TRANSFER,114,SBI  7281,Yes,BILLS,#Electricity,RefNo 101552703869 Electricity Bill
15-01-21,08:50 PM,FLIPKART,233,CitiBank credit 4788,Yes,SHOPPING,#Online,Baby Blanket
16-01-21,11:02 AM,PAYTM,"1,000",SBI  7281,No,TRANSFER,"#Paytm, #Online",In Paytm
16-01-21,11:03 AM,PETROL,"1,000",CASH Spends,No,CAR & BIKE,"#Car, #Petrol",Petrol@75156
16-01-21,01:35 PM,DEBIT,"3,294.06",SBI debit 7121,Yes,COMPANY,,For Registration
16-01-21,05:36 PM,GAS,"1,482",CASH Spends,No,GAS,,Indane For Vaibhav and Ankit
17-01-21,11:13 AM,FOR PREPAYMENT FOR OPERATION,"6,000",CASH Spends,No,HEALTH,,
17-01-21,02:06 PM,UPI FUNDS TRANSFER,350,SBI  7281,Yes,VIVAN,"#Vivansh, #Living",RefNo 101796679980 Similac पाउडर
17-01-21,08:14 PM,ALLOUT,90,CASH Spends,No,LIVING,,
17-01-21,08:23 PM,UPI FUNDS TRANSFER,90,SBI  7281,Yes,FOOD & DRINKS,#Living,RefNo 101720563851 Agrawal Chat
17-01-21,08:41 PM,UPI FUNDS TRANSFER,350,SBI  7281,Yes,LIVING,"#Living, #Online, #Bhim",RefNo 101726297935 Extension Oreva
17-01-21,08:43 PM,UPI FUNDS TRANSFER,1,SBI  7281,Yes,LIVING,"#Living, #Bhim, #Online",RefNo 101770532147 For Verify Account
18-01-21,07:03 AM,TOP SHEET,220,CASH Spends,No,CLOTHINGS & BEAUTY,"#Bedding, #Living",
18-01-21,01:09 PM,UPI FUNDS TRANSFER,450,SBI  7281,Yes,LIVING,"#Bhim, #Online, #Living",RefNo 101813914971 Watch Ajanta Radium
18-01-21,02:31 PM,UPI FUNDS TRANSFER,42,SBI  7281,Yes,FOOD & DRINKS,,RefNo 101814988113 Samosa Dau ke
18-01-21,07:05 PM,FOOD WATER,300,CASH Spends,No,FOOD & DRINKS,"#Living, #Snacks",Water Bottles and Snacks
18-01-21,09:12 PM,WARMER AND INNERWEAR,540,SBI  7281,Yes,CLOTHINGS & BEAUTY,"#Living, #Bhim, #Online",Innerwear
19-01-21,05:39 AM,UPI FUNDS TRANSFER,"3,849",SBI  7281,Yes,TRAVEL,"#Online, #Bhim, #Flight",RefNo 101905408592 Vaibhav Ticket For Bengaluru
19-01-21,08:03 AM,KNIFE,50,SBI  7281,Yes,FOOD & DRINKS,,Knife
19-01-21,08:12 AM,FLIPKART PAYMENTS,625,CitiBank credit 4788,No,WALNUT_REFUND,,Hemlock Wool Return
19-01-21,09:04 AM,AMAZON GROCERIES,759,AmEx credit 21003,Yes,LIVING,"#Online, #Living",Fiagro Oil
19-01-21,11:03 AM,ITRA,100,CASH Spends,No,LIVING,#Living,Itra
19-01-21,06:04 PM,MEDICINE VANYA,790,SBI  7281,Yes,HEALTH,"#Online, #Bhim, #Medical, #Drugs",Vanya Medicine
19-01-21,06:58 PM,FLIPKART,"4,641",HDFC credit 5529,Yes,SHOPPING,"#Online, #Living",Ankit Gloceries from Flipkart Inverter Shoes and Others
20-01-21,07:50 AM,ATM,"10,000",SBI debit 7281,Yes,,"#Living, #VivekSBI",Ref#082004 Vanya Hospital Expenses
20-01-21,08:08 AM,BAI,500,CASH Spends,No,LIVING,"#Hospital, #Living",Gift to Bai Verma Hoapital
20-01-21,09:35 AM,FOR C SECTION VANYA,"12,000",CASH Spends,No,HEALTH,#Hospital,In Verma Hospital
20-01-21,10:05 AM,SWEETS,620,CASH Spends,No,FOOD & DRINKS,#Sweets,Sweets JBN
20-01-21,12:28 PM,VIGHAKHET TOLL PLAZA,70,PAYTM Unknown,Yes,TRAVEL,,
20-01-21,06:10 PM,PURAN,"2,000",CASH Spends,No,DREAM HOUSE,"#Construction, #Puran",Construction
21-01-21,06:44 AM,FOR PHILIPS INDUCTION NEED TO BE ADJUSTED WITH HDFC PAYMENT WITH ANKIT,"2,295",SBI  7281,Yes,LIVING,,Induction Philips
21-01-21,10:18 AM,UPI FUNDS TRANSFER,20,SBI  7281,Yes,HEALTH,"#Online, #Bhim",RefNo 102110996730 Dettol
21-01-21,10:21 AM,VARIOUS,20,CASH Spends,No,DREAM HOUSE,,Agarbatti
21-01-21,12:16 PM,MEDICINE,620,SBI  7281,Yes,HEALTH,"#Drugs, #Medical",Medicine
21-01-21,06:20 PM,CONTRACTOR,"6,500",CASH Spends,No,DREAM HOUSE,"#Construction, #Puran",After Plinth Beam Completion
21-01-21,06:44 PM,AMAZON GROCERIES,"2,571",AmEx credit 21003,Yes,LIVING,#Online,For Watch and Ghee - Cancelled
22-01-21,11:54 AM,VIVEK,"50,000",SBI Papa 3465,No,TRANSFER,,IT00DBZTW9 From Papa to Vivek
23-01-21,11:39 AM,UPI FUNDS TRANSFER,5,SBI  7281,Yes,HEALTH,,RefNo 102311519125 Mask
23-01-21,02:28 PM,UPI FUNDS TRANSFER,"1,800",SBI  7281,Yes,DREAM HOUSE,"#Construction, #Gitti40",RefNo 102314548332 Gitti Payment
23-01-21,03:25 PM,UPI FUNDS TRANSFER,"9,810",SBI  7281,Yes,LIVING,,RefNo 102315087363 For Amazon Order on 22 Jan to Om Swami For Credit Card
23-01-21,07:40 PM,UPI FUNDS TRANSFER,"9,082",SBI  7281,Yes,DREAM HOUSE,,RefNo 102319687432 For Alton Plumbing Accessories From Amazon To Ankit Account
24-01-21,09:13 AM,UPI FUNDS TRANSFER,"2,650",SBI  7281,Yes,DREAM HOUSE,"#DrFixit, #Construction",RefNo 102434456847 For Bam Bam Mahadev
24-01-21,03:55 PM,UPI FUNDS TRANSFER,"1,000",SBI  7281,Yes,TRANSFER,,RefNo 102415478404 To Vaibhav
24-01-21,08:48 PM,BANGALORE TO LALITPUR,"4,522",SBI  7281,Yes,TRAVEL,#Trains,Train From Bangalore to Lalitpur
24-01-21,09:01 PM,NAMKEEN BREAD,190,CASH Spends,No,FOOD & DRINKS,,
25-01-21,09:05 AM,AMERICAN EXPRESS(INDIA) PRIVATE LIMITED,"112,997",SBI  7281,No,WALNUT_REIMBURSEMENT,,
25-01-21,09:45 AM,UPI FUNDS TRANSFER,"1,047",SBI  7281,Yes,SHOPPING,,RefNo 102509929185 Shoes Vaibhav Return into Vaibhav Account
25-01-21,09:45 AM,CREDIT,1,Amazon Pay  Unknown,No,WALNUT_CREDIT,,
25-01-21,03:53 PM,UPI FUNDS TRANSFER,129,SBI  7281,Yes,RECHARGE,#Jio,RefNo 102515265089 Vanya Recharge
25-01-21,08:39 PM,UPI FUNDS TRANSFER,219,SBI  7281,Yes,GROCERIES,,RefNo 102520535274 Mega Mart
26-01-21,11:13 AM,CREDIT,"100,000",HDFC  0811,No,WALNUT_CREDIT,,
26-01-21,11:15 AM,NET BANKING,"100,000",SBI  7281,No,TRANSFER,,IMPS Ref no 102611840252
26-01-21,11:15 AM,CREDIT,"100,000",HDFC  0811,No,WALNUT_CREDIT,,
26-01-21,11:17 AM,VIVEK OWN HDFC,"80,000",SBI  7281,No,TRANSFER,,UTR SBIN421026770606
26-01-21,11:20 AM,VIVEK OWN,"80,000",SBI  7281,No,TRANSFER,,IRO5928610
26-01-21,11:20 AM,VIVEK,"280,000",SBI Papa 3465,No,TRANSFER,,IT00DDRBI9
26-01-21,01:53 PM,UPI FUNDS TRANSFER,215,SBI  7281,Yes,HEALTH,"#Medical, #Drugs",RefNo 102613900207 Vanya Medicine
26-01-21,08:24 PM,UPI FUNDS TRANSFER,741,SBI  7281,Yes,GAS,"#Living, #Gas",RefNo 102620341397 For Papa Indane Gas
26-01-21,08:44 PM,NET BANKING,"279,537",HDFC  0811,No,TRANSFER,,BillPay/Credit Card payment
26-01-21,08:45 PM,CREDIT CARD BILL PAYMENT,"279,537",HDFC credit 5529,No,WALNUT_BILL_PAYMENT,,
26-01-21,08:59 PM,SWEETS AND NAMKEEN,200,CASH Spends,No,FOOD & DRINKS,,
26-01-21,09:00 PM,SAMOSA,50,SBI  7281,Yes,FOOD & DRINKS,,
28-01-21,12:03 PM,UPI FUNDS TRANSFER,"5,000",SBI  7281,Yes,DREAM HOUSE,"#Shuttering, #Construction, #Puran",RefNo 102812235980
28-01-21,04:05 PM,UPI FUNDS TRANSFER,85,SBI  7281,Yes,LIVING,"#Pampers, #Vivan, #Living",RefNo 102816443609
28-01-21,04:06 PM,JIO POSTPAID,942,SBI  7281,Yes,BILLS,"#Jio, #Sbi",Jio Postpaid Bill
29-01-21,05:24 AM,AMERICAN E,"9,207",SBI  7281,Yes,BILLS,,IGAKJISBA4
29-01-21,12:10 PM,UPI FUNDS TRANSFER,200,SBI  7281,Yes,DREAM HOUSE,"#Construction, #Sbi",RefNo 102932256325 For Glass Box
29-01-21,05:56 PM,XRAY,250,CASH Spends,No,HEALTH,"#Medical, #Hospital",Xray
29-01-21,05:59 PM,UPI FUNDS TRANSFER,150,SBI  7281,Yes,HEALTH,"#Therapy, #Sbi, #Paytm",RefNo 102950068258 Physiotherapy
29-01-21,07:42 PM,UPI FUNDS TRANSFER,290,SBI  7281,Yes,HEALTH,"#Medical, #Drugs, #Sbi",RefNo 102919475613
29-01-21,08:08 PM,HAIR CUTTING,120,CASH Spends,No,LIVING,,Cutting Vijay
29-01-21,11:21 PM,RICE HARI PATTI,400,CASH Spends,No,GROCERIES,#Foods,Hari Patti
30-01-21,01:24 AM,AMAZON GROCERIES,"1,322",AmEx credit 21003,Yes,LIVING,"#Online, #Vivan, #Living, #Amazon, #AmexGold",For Baby And Others +241 Amazon Pay
30-01-21,08:37 AM,CREDIT CARD BILL PAYMENT,"9,207",AmEx credit 21003,No,WALNUT_BILL_PAYMENT,,
30-01-21,09:11 AM,CREDIT CARD BILL PAYMENT,"1,939.81",CitiBank credit 4788,No,WALNUT_BILL_PAYMENT,,
31-01-21,05:50 PM,TATA ASHIYANA,"13,976.85",HDFC credit 5529,Yes,WALNUT_REFUND,"#Regallia, #HDFC",Cash Back For Hdfc for Tmt Bar
01-02-21,09:23 AM,UPI FUNDS TRANSFER,129,SBI  7281,Yes,RECHARGE,,RefNo 103209297357 Mummy Jio
01-02-21,09:24 AM,UPI FUNDS TRANSFER,"40,000",SBI  7281,Yes,TRANSFER,"#Investment, #Zerodha",RefNo 103209247513 For zerodha to invest
01-02-21,10:14 AM,UPI FUNDS TRANSFER,800,SBI  7281,Yes,SABJI AND DAIRY PRODUCT,"#Living, #Milk",RefNo 103210592655 Milk from 01-01-21 to 31-01-21
02-02-21,10:44 AM,UPI FUNDS TRANSFER,1,SBI  7281,Yes,LIVING,,RefNo 103310668809 Verify Pankaj Account
02-02-21,03:27 PM,UPI FUNDS TRANSFER,"15,000",SBI  7281,Yes,DREAM HOUSE,"#Online, #Construction, #Puran",RefNo 103315630971 To Puran For Contract Advance
02-02-21,07:38 PM,RABDI,150,CASH Spends,No,FOOD & DRINKS,,Rabdi from maharaj
02-02-21,08:39 PM,UPI FUNDS TRANSFER,500,SBI  7281,Yes,LIVING,"#Entertainment, #Living, #Construction",RefNo 103320918908 For JioFi Device
02-02-21,08:43 PM,UPI FUNDS TRANSFER,330,SBI  7281,Yes,FOOD & DRINKS,"#CoffeeHouse, #Living, #Foods, #Sbi, #VivekSBI",RefNo 103320972404 Rasmalai Bread and Gajak
03-02-21,02:56 PM,UPI FUNDS TRANSFER,470,SBI  7281,Yes,UNKNOWN,,RefNo 103414507337
03-02-21,03:33 PM,AXIS MUTUA,"5,000",SBI  Bill payments,Yes,BILLS,,Txn Ref is IB72634423
05-02-21,12:15 PM,DEBIT,"5,000",SBI  XXXX,Yes,BILLS,,SI03282391
05-02-21,04:14 PM,REVERSAL,1,Amazon Pay  Unknown,No,WALNUT_REFUND,,
06-02-21,12:50 AM,UPI FUNDS TRANSFER,131.8,SBI  7281,Yes,TRAVEL,,RefNo 103715428657 To gwalior cancelled 40 Rs refund
06-02-21,08:59 AM,UPI FUNDS TRANSFER,191.8,SBI  7281,Yes,TRAVEL,"#Travel, #Train",RefNo 103708985325 Lalitpur to Gwalior
06-02-21,10:57 AM,UPI FUNDS TRANSFER,315,SBI  7281,Yes,HEALTH,"#Medical, #Mamta",RefNo 103710525828 Medicine Vanya
06-02-21,07:06 PM,EGG,100,SBI  7281,Yes,FOOD & DRINKS,"#Snacks, #Sbi, #VivekSBI, #Bhim",Snacks
06-02-21,07:06 PM,UPI FUNDS TRANSFER,973,SBI  7281,Yes,GROCERIES,"#VivekSBI, #Bhim, #Family, #Grocery, #Infy",RefNo 103719900194 Infymart
06-02-21,07:22 PM,UPI FUNDS TRANSFER,400,SBI  7281,Yes,FOOD & DRINKS,"#Grocery, #Family, #Sweets, #Bhim",RefNo 103719916109 Gajak
07-02-21,01:39 PM,TAXI,250,CASH Spends,No,TRAVEL,"#Travel, #Car",Taxi
07-02-21,05:35 PM,BUS KIAS 8C,520,CASH Spends,No,TRAVEL,"#Bus, #Travel",Bus to Agara Village
07-02-21,06:52 PM,NICE JUICE CENTRE,130,PAYTM Unknown,Yes,FOOD & DRINKS,,Juice
07-02-21,07:23 PM,TAXI TO PRATEEK,50,CASH Spends,No,TRAVEL,,
07-02-21,08:18 PM,UPI FUNDS TRANSFER,30,SBI  7281,Yes,FOOD & DRINKS,"#Foods, #Bhim",RefNo 103820620185 Water
07-02-21,09:47 PM,UPI FUNDS TRANSFER,210,SBI  7281,Yes,FOOD & DRINKS,,RefNo 103821677948 Dinner Dosa Kumar
07-02-21,09:55 PM,HINDUSTAN PETROLEUM,120,PAYTM Unknown,Yes,FUEL,"#Pulsar, #Petrol",Petrol Pulsar
07-02-21,10:05 PM,SAANVI PROVISION& GENERAL STORE,74,PAYTM Unknown,Yes,FOOD & DRINKS,,Milk Tea
08-02-21,01:23 PM,UPI FUNDS TRANSFER,264.15,SBI  7281,Yes,FOOD & DRINKS,"#Zomato, #Foods, #Sbi, #VivekSBI",RefNo 103974176183
08-02-21,03:08 PM,SBI MUTUAL,"1,000",SBI  Bill payments,Yes,BILLS,,Txn Ref is IB72792090
08-02-21,05:25 PM,NICE JUICE CENTRE,60,PAYTM Unknown,Yes,FOOD & DRINKS,,Juice
08-02-21,06:11 PM,MCD,63,PAYTM Unknown,Yes,FOOD & DRINKS,,Kota Kachori
08-02-21,07:38 PM,UPI FUNDS TRANSFER,60,SBI  7281,Yes,FOOD & DRINKS,"#Foods, #Sbi, #Bhim",RefNo 103919300431 Momos
08-02-21,08:49 PM,UPI FUNDS TRANSFER,"8,495",SBI  7281,Yes,LIVING,"#Jwellery, #Sbi, #VivekSBI",RefNo 103920378503 Nose Ring Malalbar
08-02-21,10:11 PM,EKHAJANE K,442.9,SBI  7281,Yes,BILLS,"#Vahan, #VivekSBI, #Sbi",IGAKLSDHT0 For Address and RC
09-02-21,01:00 PM,SRINIVASA THEATRE 70MM,"13,010.5",CitiBank credit 4788,Yes,ENTERTAINMENT,"#Citi, #Wear",D mart Shopping
09-02-21,01:57 PM,SWIGGY,223,PAYTM Unknown,Yes,FOOD & DRINKS,"#Online, #Foods, #Paytm",Food Lunch
09-02-21,02:25 PM,UPI FUNDS TRANSFER,48,SBI  7281,Yes,FOOD & DRINKS,"#Foods, #VivekSBI",RefNo 104014788468 Roti
09-02-21,02:29 PM,UPI FUNDS TRANSFER,30,SBI  7281,Yes,FRUITS,"#Foods, #VivekSBI, #Online",RefNo 104014791940 Grapes
09-02-21,10:15 PM,BHATINDA JUNCTION,600,CASH Spends,No,FOOD & DRINKS,,
10-02-21,11:25 AM,UPI FUNDS TRANSFER,51,SBI  7281,Yes,RECHARGE,"#VivekSBI, #Jio",RefNo 104111394608 Jio Net 9450037508
10-02-21,11:50 AM,HP GAS,"1,600",CASH Spends,No,WALNUT_REFUND,,For Hp Gas Security
10-02-21,12:35 PM,MALABAR GOLD AND DIAMONDS,"17,000",CitiBank credit 4788,Yes,SHOPPING,"#Jwellery, #Gift, #Citi",Jwellery For Ankit and Gudiya
10-02-21,03:02 PM,PAYTM COM WA,205.97,AmEx credit 21003,Yes,FOOD & DRINKS,"#Online, #Amex",Lunch Swiggy
10-02-21,03:02 PM,SWIGGY,214,PAYTM Unknown,Yes,FOOD & DRINKS,#Online,
10-02-21,04:26 PM,UPI FUNDS TRANSFER,1,SBI  7281,Yes,LIVING,,RefNo 104116119244 Verify Account Nice Me
10-02-21,04:33 PM,VIVEK,"20,000",SBI Papa 3465,No,TRANSFER,,IT00DNFSY0
10-02-21,04:45 PM,UPI FUNDS TRANSFER,"18,500",SBI  7281,No,LIVING,"#MoversPackers, #Bhim, #VivekSBI",RefNo 104116321931 Agrawal Packers and Movers Nice Me For Bangalore to Lalitpur
10-02-21,04:50 PM,FOR LABOUR NICE ME,300,CASH Spends,No,LIVING,,
10-02-21,06:32 PM,BREAKFAST OTHERS,200,CASH Spends,No,FOOD & DRINKS,,
10-02-21,08:36 PM,SWEETS,300,SBI  7281,Yes,FOOD & DRINKS,#Sweets,Sweets
10-02-21,09:25 PM,UPI FUNDS TRANSFER,50,SBI  7281,Yes,FOOD & DRINKS,,RefNo 104121915756 Juice
11-02-21,08:37 AM,BREAKFAST,197,SBI  7281,Yes,FOOD & DRINKS,,Arogya Ahara
11-02-21,01:17 PM,MR. RAMESH KUMARCH,"20,000",SBI  7281,No,WALNUT_CREDIT,,Transfer From Papa
11-02-21,02:51 PM,UPI FUNDS TRANSFER,20,SBI  7281,Yes,CAR & BIKE,#Yulu,RefNo 104214650649 Yulu
11-02-21,03:00 PM,SWEETS KAJU KATLI,220,CASH Spends,No,FOOD & DRINKS,#Sweets,Anniversary Party
11-02-21,03:10 PM,UPI FUNDS TRANSFER,250,SBI  7281,Yes,FOOD & DRINKS,"#Cake, #Foods, #Sweets, #VivekSBI, #Bhim",RefNo 104215329258 Cake For Prateek
11-02-21,06:52 PM,GRAPES,156,CASH Spends,No,FOOD & DRINKS,,Grapes and Banana
11-02-21,08:30 PM,RECHARGE,329,SBI  7281,Yes,RECHARGE,"#VivekSBI, #Bhim",Vaibhav Recharge
11-02-21,08:51 PM,UBER,474,PAYTM Unknown,Yes,TRAVEL,"#Uber, #Cab, #Online, #Travel",To Yashwantpur
11-02-21,10:03 PM,UPI FUNDS TRANSFER,110,SBI  7281,Yes,FOOD & DRINKS,"#VivekSBI, #Foods, #Sbi, #Paytm",RefNo 104222678680 Non and Egg From Yashwantpur
11-02-21,10:44 PM,UPI FUNDS TRANSFER,585,SBI  7281,Yes,FOOD & DRINKS,"#Nandini, #Sweets, #VivekSBI, #Paytm",RefNo 104222497195 Nandini Sweets
11-02-21,11:34 PM,D MART,740,CASH Spends,No,WALNUT_REFUND,,
12-02-21,10:49 AM,UPI FUNDS TRANSFER,220,SBI  7281,Yes,FOOD & DRINKS,"#KaranchiBuscuit, #Online, #VivekSBI, #Paytm, #Sweets, #Snacks",RefNo 104364886643 Karanchi Biscuit Water
12-02-21,11:14 AM,UPI FUNDS TRANSFER,"2,444.96",SBI  7281,Yes,CAR & BIKE,"#Insurance, #Online, #VivekSBI, #Car",RefNo 104311992154 Insurance Acko
12-02-21,06:54 PM,COVER BLOCK MOULD,"2,000",CASH Spends,No,DREAM HOUSE,#Construction,Cover Block Mould
12-02-21,08:18 PM,RABRI,340,CASH Spends,No,FOOD & DRINKS,"#Foods, #Sweets",Rabri
12-02-21,08:39 PM,RAMYA SECURITY,"30,000",CASH Spends,No,LIVING,,Security with Dec Jan And Feb 10 Rent
12-02-21,09:21 PM,DINNER CUMSUM,265,CASH Spends,No,FOOD & DRINKS,#Foods,Dinner
13-02-21,10:07 AM,GAS INDANE,"1,522",CASH Spends,No,GAS,#Gas,
13-02-21,08:22 PM,FLIPKART,249,CitiBank credit 4788,Yes,SHOPPING,#Online,
13-02-21,09:49 PM,UPI FUNDS TRANSFER,329,SBI  7281,Yes,RECHARGE,,RefNo 104421935825 Jio Recharge
14-02-21,09:32 AM,MAWAI,45,PAYTM Unknown,Yes,UNKNOWN,,
14-02-21,11:43 PM,MAWAI,45,PAYTM Unknown,Yes,UNKNOWN,,
15-02-21,02:39 PM,SBI MUTUAL,"1,000",SBI  Bill payments,Yes,BILLS,,Txn Ref is IB73058805
15-02-21,09:01 PM,UPI FUNDS TRANSFER,290,SBI  7281,Yes,HEALTH,,RefNo 104621358073 Syrup Vitamins Tablets
16-02-21,04:26 PM,UPI FUNDS TRANSFER,"4,000",SBI  7281,Yes,LIVING,,RefNo 104716502583 Sammelan 2100
16-02-21,04:26 PM,CREDIT,5,SBI  7281,No,WALNUT_CREDIT,,Ref no 104716342885
16-02-21,08:36 PM,NEW YEAR CAKE,300,CASH Spends,No,FOOD & DRINKS,"#Party, #Sweets, #Foods",Cake Anniversary
16-02-21,08:49 PM,VIVEK,"5,000",SBI Papa 3465,Yes,TRANSFER,,IT00DQELG9
16-02-21,09:34 PM,UPI FUNDS TRANSFER,"1,076",SBI  7281,Yes,FOOD & DRINKS,"#Manglam, #Party, #Family",RefNo 104721085758 Manglam
16-02-21,09:41 PM,UPI FUNDS TRANSFER,125,SBI  7281,Yes,HEALTH,#Medical,RefNo 104721089657 Pirex Himalaya
17-02-21,02:26 AM,MR. RAMESH KUMARCH,"5,000",SBI  7281,No,WALNUT_CREDIT,,
17-02-21,07:40 AM,UPI FUNDS TRANSFER,51,SBI  7281,Yes,RECHARGE,#Jio,RefNo 104807163317 Jio Data
17-02-21,08:08 AM,MR. RAMESH KUMARCH,"5,000",SBI  7281,No,WALNUT_CREDIT,,
17-02-21,08:10 AM,VIVEK,"5,000",SBI Papa 3465,Yes,TRANSFER,,IT00DQGME6
17-02-21,08:17 AM,PURAN SING,"5,000",SBI  7281,Yes,DREAM HOUSE,"#Construction, #Puran",IT00DQGOC1 Contract Advance
18-02-21,07:28 PM,UPI FUNDS TRANSFER,200,SBI  7281,Yes,FOOD & DRINKS,"#Foods, #Sweets",RefNo 104919294995 Sweets Coffee House Bread
18-02-21,07:42 PM,UPI FUNDS TRANSFER,352,SBI  7281,Yes,GROCERIES,"#Family, #Infy, #Foods",RefNo 104919308761 Ashirbad Aata Infy
18-02-21,07:52 PM,UPI FUNDS TRANSFER,170,SBI  7281,Yes,FOOD & DRINKS,"#Foods, #Family",RefNo 104919317863 Egg Cret
19-02-21,04:11 PM,VIVEK,"25,000",SBI Papa 3465,No,TRANSFER,,IT00DROCA2
19-02-21,04:37 PM,UPI FUNDS TRANSFER,"15,000",SBI  7281,No,TRANSFER,,RefNo 105016297974
19-02-21,04:38 PM,REV-UPI,"15,000",SBI  7281,No,WALNUT_REFUND,,Ref no 105016297974
19-02-21,04:45 PM,UPI FUNDS TRANSFER,"3,000",SBI  7281,Yes,TRANSFER,,RefNo 105016386341 To Vaibhav
19-02-21,05:36 PM,MR. RAMESH KUMARCH,"25,000",SBI  7281,No,WALNUT_CREDIT,,
19-02-21,06:30 PM,UPI FUNDS TRANSFER,340,SBI  7281,Yes,FOOD & DRINKS,"#Family, #Sweets, #Neelkamal",RefNo 105018758967 Neelkamal
19-02-21,08:42 PM,UPI FUNDS TRANSFER,400,SBI  7281,Yes,CLOTHINGS & BEAUTY,"#VivekSBI, #Family, #Wear",RefNo 105020859161 Papa Track Paint
20-02-21,07:13 AM,NET BANKING ROY SHUTTERING,"15,000",SBI  7281,Yes,DREAM HOUSE,"#Construction, #Shuttering",IMPS Ref no 105107668787 For Shuttering Advance
20-02-21,09:42 PM,LADDU,350,SBI  7281,Yes,FOOD & DRINKS,,
21-02-21,02:57 PM,VIVEK,"20,000",SBI Papa 3465,No,TRANSFER,,IT00DSIPU3
21-02-21,03:01 PM,NET BANKING,1,SBI  7281,Yes,BILLS,,IMPS Ref no 105215955026
21-02-21,03:08 PM,SONU ROY NETBANKING,"17,500",SBI  7281,Yes,TRANSFER,"#Construction, #Gitti20",IMPS Ref no 105215957564
21-02-21,03:58 PM,MR. RAMESH KUMARCH,"20,000",SBI  7281,No,WALNUT_CREDIT,,
22-02-21,01:03 PM,SBI MUTUAL,"1,000",SBI  Bill payments,Yes,BILLS,,Txn Ref is IB73271602
22-02-21,03:41 PM,TATA ASHIYANA,"51,250",HDFC credit 5529,Yes,DREAM HOUSE,"#Construction, #TataTISCON, #TmtBar, #Cashback5%, #Regallia, #HDFC",TMt bar 10 mm *90 and 20 Kg Binding Bar
22-02-21,07:16 PM,UPI FUNDS TRANSFER,"3,300",SBI  7281,Yes,DREAM HOUSE,"#Electricals, #VivekSBI, #Construction",RefNo 105319912611 Electricals Conceal and fan Box
23-02-21,08:06 AM,AMAZON PAY,186.03,Amazon Pay  Unknown,No,GROCERIES,,Groceries - Ashirbad Aata Mother Dairy Ghee
23-02-21,08:06 AM,AMAZON GROCERIES,862.97,AmEx credit 21003,Yes,GROCERIES,#Online,
23-02-21,11:29 AM,JIO RECHARGE,129,SBI  7281,Yes,UNKNOWN,,Recharge
23-02-21,01:57 PM,FLIPKART,566,HDFC credit 5529,No,WALNUT_REFUND,,For Ankit Payment
24-02-21,05:40 AM,AMAZON GROCERIES,679,AmEx credit 21003,Yes,VIVAN,#Online,Baby Kit
24-02-21,11:27 AM,SWIGGY,222,SBI  7281,Yes,FOOD & DRINKS,,Ayodhya Restaurant
24-02-21,06:01 PM,ATM,"9,900",SBI debit 3465,Yes,,,
25-02-21,08:26 AM,AMERICAN EXPRESS(INDIA) PRIVATE LIMITED,"161,884",SBI  7281,No,WALNUT_REIMBURSEMENT,,
25-02-21,11:23 AM,ELECTRICAL FITTING,"1,875",SBI  7281,Yes,DREAM HOUSE,"#ElectricalFitting, #Construction",Pipes
25-02-21,11:25 AM,ELECTRICAL FITTINGS,"3,750",CASH Spends,No,DREAM HOUSE,"#Construction, #ElectricalFitting",Arkeylite Trendy
25-02-21,07:51 PM,UPI FUNDS TRANSFER,"2,745",SBI  7281,Yes,DREAM HOUSE,"#SlabFitting, #Construction",Havells Pipes Arkeylite Trendy Red
25-02-21,08:48 PM,UPI FUNDS TRANSFER,129,SBI  7281,Yes,RECHARGE,,Jio Recharge
26-02-21,03:12 PM,MEDICINE,178,SBI  7281,Yes,HEALTH,#Drugs,Nepaflam
26-02-21,05:54 PM,UPI FUNDS TRANSFER,60,SBI  7281,Yes,HEALTH,,Eyedrop Priyanshu
27-02-21,08:07 AM,PETROL,500,CASH Spends,No,CAR & BIKE,"#Pulsar, #Petrol",22374 Km @88.90
27-02-21,01:59 PM,ATM,"20,000",SBI debit 7281,Yes,,,Ref#505156
27-02-21,04:59 PM,UPI FUNDS TRANSFER,"39,837",SBI  7281,Yes,DREAM HOUSE,,For Sand 40 Ton For Slab
27-02-21,08:10 PM,UPI FUNDS TRANSFER,280,SBI  7281,Yes,FOOD & DRINKS,,Neelkamal Motichoor Ke Laddu
28-02-21,07:33 AM,ATM,"20,000",SBI debit 7281,Yes,,,Ref#951666
28-02-21,10:22 AM,CONTRACT ADVANCE BEFORE SLAB,"15,000",CASH Spends,No,DREAM HOUSE,,Before Slab Start
01-03-21,08:40 AM,NET BANKING,"30,000",SBI  7281,No,TRANSFER,,IMPS Ref no 106008633612
01-03-21,08:40 AM,CREDIT,"30,000",CitiBank  6818,No,WALNUT_CREDIT,,IMPS Ref no 106008633612
01-03-21,08:41 AM,BILL PAYMENT,"29,867.5",CitiBank credit 4788,No,WALNUT_BILL_PAYMENT,#Citi,Citi Bank Bills
01-03-21,10:20 AM,CONTRACT ADVANCE,"15,000",SBI  7281,Yes,DREAM HOUSE,"#Construction, #Online, #Sbi, #Puran",Puran After Slab
01-03-21,10:21 AM,SHUTTERING,"20,000",SBI  7281,Yes,DREAM HOUSE,"#Roy, #Construction, #Shuttering, #Puran",For Shuttering to Roy
01-03-21,10:39 AM,AMERICAN E,"2,046.94",SBI  7281,Yes,BILLS,#Amex,IGAKPWNOR5 Card Payment
01-03-21,10:45 AM,VIVEK,"50,000",SBI Papa 3465,No,TRANSFER,,IT00DWHNL2
01-03-21,10:46 AM,CREDIT,"42,000",HDFC  0811,No,WALNUT_CREDIT,,
01-03-21,10:46 AM,NET BANKING,"42,000",SBI  7281,No,TRANSFER,,IMPS Ref no 106010729578
01-03-21,11:03 AM,MR. RAMESH KUMARCH,"50,000",SBI  7281,No,WALNUT_CREDIT,,
01-03-21,11:13 AM,BILL PAYMENT,"41,348",HDFC credit 5529,No,WALNUT_BILL_PAYMENT,,HDFC Card Payments
01-03-21,12:01 PM,NET BANKING,"20,000",SBI  7281,No,TRANSFER,,IMPS Ref no 106012806412
01-03-21,12:02 PM,VIVEK,"20,000",SBI Papa 3465,No,TRANSFER,,IT00DWKAO4
01-03-21,12:07 PM,PURAN SING,"15,000",SBI  7281,Yes,DREAM HOUSE,,After Slab Complete
01-03-21,12:27 PM,ATM,"10,000",SBI debit 3465,Yes,,,Ref#932756
01-03-21,01:03 PM,MR. RAMESH KUMARCH,"20,000",SBI  7281,No,WALNUT_CREDIT,,
01-03-21,02:52 PM,UPI FUNDS TRANSFER,"2,500",SBI  7281,Yes,DREAM HOUSE,"#PhonePe, #Construction, #VivekSBI, #Online",For 20 mm Gitti
01-03-21,04:43 PM,SBI MUTUAL,"1,000",SBI  Bill payments,Yes,BILLS,,Txn Ref is IB73468437
01-03-21,05:47 PM,PURAN SING,"5,000",SBI  7281,Yes,DREAM HOUSE,,IT00DWTEG5
01-03-21,08:16 PM,UPI FUNDS TRANSFER,170,SBI  7281,Yes,FOOD & DRINKS,#Foods,Egg Crate
01-03-21,11:11 PM,AMAZON GROCERIES,"3,328",AmEx credit 21003,Yes,LIVING,#Online,Returned Back for Mixer Grinder
02-03-21,07:42 AM,AMAZON GROCERIES,679,AmEx credit 21003,Yes,VIVAN,#Online,
02-03-21,08:43 AM,CREDIT CARD BILL PAYMENT,"2,046.94",AmEx credit 21003,No,WALNUT_BILL_PAYMENT,,
02-03-21,04:17 PM,VIVEK,"3,000",SBI Papa 3465,Yes,TRANSFER,,IT00DXOJM9
02-03-21,10:27 PM,MR. RAMESH KUMARCH,"3,000",SBI  7281,No,WALNUT_CREDIT,,
04-03-21,09:51 AM,GIFT,"14,460",HDFC credit 5529,Yes,GROCERIES,#Online,
04-03-21,08:03 PM,UPI FUNDS TRANSFER,121,SBI  7281,Yes,GROCERIES,,Mega Global Rusk
04-03-21,08:08 PM,UPI FUNDS TRANSFER,150,SBI  7281,Yes,HEALTH,"#Sbi, #Mamta, #Drugs",RefNo 106320590835 Medicine Mamta
04-03-21,09:10 PM,ANOVATE,150,SBI  7281,Yes,HEALTH,"#Drugs, #Online, #VivekSBI",Anovate
05-03-21,09:25 PM,ATM,"4,500",SBI debit 7281,Yes,,"#CashWithdrawl, #VivekSBI",Ref#973039
05-03-21,09:26 PM,ATM,"3,000",SBI debit 7772,Yes,,"#CashWithdrawl, #VivekSBI",Ref#388442
07-03-21,03:55 AM,ANNUAL MAINTENANCE CHARGES,147.5,SBI Papa 3465,Yes,BILLS,,
07-03-21,06:23 PM,UPI FUNDS TRANSFER,22,SBI  7281,Yes,HEALTH,"#Drugs, #VivekSBI, #Online",T98
07-03-21,08:27 PM,FLIPKART,699,CitiBank credit 4788,Yes,SHOPPING,#Online,Vanya Suits
08-03-21,10:00 AM,CEMENT,"3,800",SBI  7281,Yes,DREAM HOUSE,"#Construction, #Cement",Duplicate double payment for 10 cement bag will include in advance
08-03-21,05:44 PM,MR. PORANSINGH,"15,000",SBI  7281,No,TRANSFER,"#Construction, #Puran",Pooran Singh
08-03-21,07:48 PM,UPI FUNDS TRANSFER,21,SBI  7281,Yes,RECHARGE,,Data Recharge Jio
08-03-21,07:49 PM,UPI FUNDS TRANSFER,21,SBI  7281,Yes,RECHARGE,,Data Recharge Jio
08-03-21,09:00 PM,SWEETS,450,CASH Spends,No,FOOD & DRINKS,"#Neelkamal, #Sweets, #Online, #VivekSBI, #Sbi, #Foods",Sweets
08-03-21,09:54 PM,CEMENT,"3,800",SBI  7281,Yes,DREAM HOUSE,,For 10 Cement Bag on 06-03-2021
09-03-21,09:57 AM,ATM,"17,500",SBI debit 3465,Yes,,,
09-03-21,10:37 AM,LINK INTIM,"46,100",SBI  7281,No,TRANSFER,,IGAKRQVSC4
09-03-21,11:34 PM,FOR FRUITS,300,CASH Spends,No,UNKNOWN,,
10-03-21,06:44 PM,UPI FUNDS TRANSFER,100,SBI  7281,Yes,UNKNOWN,,RefNo 106914558300
10-03-21,08:36 PM,UPI FUNDS TRANSFER,73,SBI  7281,Yes,HEALTH,,Vivan Powder Neoprine
11-03-21,12:10 PM,VIGHAKHET TOLL PLAZA,70,PAYTM Unknown,Yes,TRAVEL,,
11-03-21,12:51 PM,BABINA TOLL PLAZA,95,PAYTM Unknown,Yes,TRAVEL,,
11-03-21,10:37 PM,FOOD SAFET,208.26,SBI  7281,Yes,BILLS,,Pankaj Food Safty Licence
12-03-21,01:49 PM,UPI FUNDS TRANSFER,"1,160",SBI  7281,Yes,DREAM HOUSE,,Panasonic 3w*3 and 5w*4 Conceal led
12-03-21,06:00 PM,BABINA TOLL PLAZA,95,PAYTM Unknown,Yes,TRAVEL,,
12-03-21,06:52 PM,VIGHAKHET TOLL PLAZA,70,PAYTM Unknown,Yes,TRAVEL,,
12-03-21,08:16 PM,UPI FUNDS TRANSFER,40,SBI  7281,Yes,FOOD & DRINKS,,RefNo 107120964344 Chowmin
12-03-21,09:45 PM,EGG CRATE,170,SBI  7281,Yes,FOOD & DRINKS,#Foods,Egg Crate
13-03-21,09:26 AM,FLIPKART,379,CitiBank credit 4788,Yes,SHOPPING,#Online,Vanya Sandles
14-03-21,12:31 AM,AMAZON PAY,"1,007",Amazon Pay  Unknown,No,GROCERIES,,Amazon Groceries
14-03-21,11:37 AM,UPI FUNDS TRANSFER,"4,000",SBI  7281,Yes,DREAM HOUSE,,Electrical Wire Panasonic 1 mm * 5
14-03-21,12:01 PM,UPI FUNDS TRANSFER,"4,825",SBI  7281,Yes,DREAM HOUSE,,1 mm * 5 wire Lifeline Havells
14-03-21,12:44 PM,UPI FUNDS TRANSFER,"9,585",SBI  7281,Yes,DREAM HOUSE,,Havells Wire

,,,,POWERED,BY,WALNUT,,http://getwalnut.com
