"Website","ReversalID","OrderID","CreationDate","Quantity","Currency","ReversalStatus","ReversalAmountState","ReversalReason","DirectDebitRefundAmount"
"Amazon.in","9Z2Osmd9RXGTNJsXSDNlqg","407-6544412-2101155","2024-12-28T12:03:45.175Z","1","INR","Completed","Final","Refused to accept delivery","0"
"Amazon.in","6FI8FhzZS5+ea0evN7LPTA","402-1667834-4457906","2024-12-27T11:23:05.651Z","1","INR","Completed","Final","Refused to accept delivery","0"
"Amazon.in","vnoOKno3QRCyR4a9bgomXQ","402-4801609-5082735","2024-12-01T07:17:12.881Z","1","INR","Completed","Final","Customer return","0"
"Amazon.in","u8qAQc32TRacxpvnxloznw","404-4335703-0888336","2024-11-13T09:35:18.986Z","1","INR","Completed","Final","Customer return","0"
"Amazon.in","T6u0saUCSEuNRWPscIXLYg","407-4126141-1925134","2024-10-21T21:06:16.716Z","1","INR","Completed","Final","Refused to accept delivery","0"
"Amazon.in","rcSLsMgfQhuvacn2DMRP7w","402-8122432-5431534","2024-10-18T04:58:23.796Z","1","INR","Completed","Final","Customer return","0"
"Amazon.in","bKN1Sa31TCmJ3umPfZRB9A","402-5988560-4041964","2024-10-18T04:58:07.735Z","1","INR","Completed","Final","Customer return","0"
"Amazon.in","dIdK7ARpQhafO5GiapMadQ","402-5027351-7862757","2024-10-17T19:06:14.992Z","1","INR","Completed","Final","Refused to accept delivery","0"
"Amazon.in","guXXKfAeQgOBKknfwGsfFQ","402-7598672-4255522","2024-10-15T04:17:07.198Z","1","INR","Completed","Final","Customer return","0"
"Amazon.in","VDAtYzaKR2yIDvXXKMoGfQ","402-6795133-8037122","2024-10-15T04:06:01.169Z","1","INR","Completed","Final","Customer return","0"
"Amazon.in","JR2rGe1eT++QalKkPFqU4Q","407-0516450-7227543","2024-10-13T05:01:18.986Z","1","INR","Completed","Final","Customer return","0"
"Amazon.in","ixkRHe7qRBSbdHguwgRPfg","402-0952392-1989124","2024-10-11T07:19:21.296Z","1","INR","Completed","Final","Customer return","0"
"Amazon.in","LBcKdKqFSv2WiqLSJ+IRdg","407-9824657-7319523","2024-10-11T07:17:36.881Z","1","INR","Completed","Final","Customer return","0"
"Amazon.in","lTA7Tk8NTMuZnZt6QzD+ng","407-9276764-2214754","2024-10-11T07:10:43.850Z","1","INR","Completed","Final","Customer return","0"
"Amazon.in","lTA7Tk8NTMuZnZt6QzD+ng","407-9276764-2214754","2024-10-11T07:10:43.850Z","1","INR","Completed","Final","Customer return","0"
"Amazon.in","ygIjldRxTgCZX69l2nCOzA","407-6280249-7679555","2024-10-07T15:28:30.974Z","1","INR","Completed","Final","Refused to accept delivery","0"
"Amazon.in","PPKIn3enSmu08UAiForbAA","407-8897950-9531503","2024-10-07T09:08:21.315Z","1","INR","Completed","Final","Customer return","0"
"Amazon.in","c47uRJJyTaSCevy69LDbcA","407-4506465-0993967","2024-10-02T20:09:30.887Z","2","INR","Completed","Final","Refused to accept delivery","0"
"Amazon.in","c47uRJJyTaSCevy69LDbcA","407-4506465-0993967","2024-10-02T20:09:30.887Z","2","INR","Completed","Final","Refused to accept delivery","0"
"Amazon.in","BEgKhQOCTjSbqvql9Ee6DA","407-0740016-5477962","2024-10-02T06:07:41.642Z","1","INR","Completed","Final","Customer return","0"
"Amazon.in","8HwYLHVuQ/ivXSAZ83/AiQ","402-3168377-6076319","2024-08-14T16:16:45.053Z","1","INR","Completed","Final","Refused to accept delivery","0"
"Amazon.in","exVVs7gmSvOTyg1/ldcChw","405-7922967-2157945","2024-07-04T06:28:46.437Z","1","INR","Completed","Final","Customer return","0"
"Amazon.in","NMpsW6+MRr+IjsUszMDvbQ","171-7215198-3267504","2024-06-26T22:06:17.915Z","1","INR","Completed","Final","Refused to accept delivery","0"
"Amazon.in","Fa6dFQ+rTrG7h7dYuVVDtQ","405-8489266-2110702","2024-05-25T09:56:38.091Z","1","INR","Completed","Final","Customer return","0"
"Amazon.in","cW5hscS/T+OVjlKmy6rsWw","407-4850818-3158711","2024-05-19T05:34:36.998Z","1","INR","Completed","Final","Customer return","0"
"Amazon.in","diLwupQtRoqDep30toCBuw","407-4850818-3158711","2024-05-19T05:31:27.795Z","1","INR","Completed","Final","Customer return","0"
"Amazon.in","3orkANQaRYOcUNz5sRbdxw","405-6164409-4034760","2024-05-13T02:39:46.593Z","1","INR","Completed","Final","Customer return","0"
"Amazon.in","ry8dojeUSV6yGmx2g7QjnQ","407-7932490-5815501","2024-05-13T02:30:18.462Z","1","INR","Completed","Final","Customer return","0"
"Amazon.in","CFg8T0ULTjefXMYVDPd+zg","407-6620777-9220322","2024-05-10T07:46:03.108Z","1","INR","Completed","Final","Customer return","0"
"Amazon.in","DzBphuzxR8avKHK/1IMjKA","407-6620777-9220322","2024-05-09T05:57:40.416Z","1","INR","Completed","Final","Customer return","0"
"Amazon.in","0UAQ6l2cSvCd6vpuPljIXw","405-9867113-4081151","2024-04-25T04:54:05.747Z","1","INR","Completed","Final","Customer return","0"
"Amazon.in","cD5uWST+RWW11ocOYuhR3Q","402-1602397-2437162","2024-04-21T10:00:10.245Z","1","INR","Completed","Final","Customer return","0"
"Amazon.in","KQBOEn8ZT4Cnenwe38Q7/g","405-6640775-2949963","2024-04-18T09:39:22.184Z","1","INR","Completed","Final","Refused to accept delivery","0"
"Amazon.in","T0V5baDpSwuLghqu3N+SYQ","405-0016246-8068301","2024-04-13T06:45:50.229Z","1","INR","Completed","Final","Customer return","0"
"Amazon.in","iBP3F84fS82rd9Rw2f6snw","402-5240041-3359529","2024-04-10T09:16:33.835Z","1","INR","Completed","Final","Customer return","0"
"Amazon.in","gcNtGbqPQvSvmlo/d/RPdA","402-5240041-3359529","2024-04-07T07:37:31.482Z","1","INR","Completed","Final","Customer return","0"
"Amazon.in","VhLGoVLDSbm3IDoPpDdi8g","402-5240041-3359529","2024-04-07T06:47:02.623Z","1","INR","Completed","Final","Customer return","0"
"Amazon.in","er2Hl8XfRNGHVdYntUi6Gw","402-5240041-3359529","2024-04-02T05:48:07.292Z","1","INR","Completed","Final","Customer return","0"
"Amazon.in","9/Zca2r1T6+Tn7Ejyf3/9w","402-1308473-5485920","2024-04-02T05:39:26.164Z","1","INR","Completed","Final","Customer return","0"
"Amazon.in","cOUHr/PARc67xTdvh5x9Lw","407-4863830-6846739","2024-01-27T18:25:22.188Z","1","INR","Completed","Final","Refused to accept delivery","0"
"Amazon.in","X6U0HH+5RNSB+LhwJB4kRg","407-3766714-7152314","2024-01-27T13:12:39.271Z","1","INR","Completed","Final","Refused to accept delivery","0"
"Amazon.in","baivtZ6mSgWb9wc4uKq7Ww","402-3848941-7903560","2024-01-12T09:25:13.696Z","1","INR","Completed","Final","Customer return","0"
"Amazon.in","QzF8wvjKTTOiANTUTO8GNw","405-4538528-0305129","2023-10-26T20:51:50.672Z","1","INR","Completed","Final","Refused to accept delivery","0"
"Amazon.in","TVYwEI2xQRiWZERK3ZiDtg","405-9676612-8091515","2023-10-26T11:27:33.943Z","1","INR","Completed","Final","Customer return","0"
"Amazon.in","g99FEeM1ScOv8QRu9IW/Fw","405-6228340-4589145","2023-10-21T05:51:28.617Z","1","INR","Completed","Final","Customer return","0"
"Amazon.in","GkZtLTopRr+NEtTiJdeKVg","405-4842825-4048335","2023-10-16T05:47:53.326Z","1","INR","Completed","Final","Customer return","0"
"Amazon.in","6BY8YlKnTgClOGdkBU8voA","405-7108329-6427550","2023-10-16T05:47:52.867Z","1","INR","Completed","Final","Customer return","0"
"Amazon.in","DarxvN73RVSmlCrIqdXxzQ","405-1878448-4185913","2023-10-01T05:12:19.273Z","1","INR","Completed","Final","Customer return","0"
"Amazon.in","J4I2aJQTSmeEzL/yLTO6fA","405-9193673-5876319","2023-09-14T06:01:54.730Z","1","INR","Completed","Final","Refused to accept delivery","0"
"Amazon.in","JfsHk3GERMuiv0jtfalGCQ","405-0359098-7441108","2023-08-19T07:36:27.446Z","1","INR","Completed","Final","Customer return","0"
"Amazon.in","qgc+/7QGQ1uFp4GBLe2VCQ","405-7059002-6710769","2023-08-11T07:02:10.741Z","1","INR","Completed","Final","Customer return","0"
"Amazon.in","0leShy7xTKyLL20+z2O5BA","405-2457649-7624333","2023-08-05T11:17:26.654Z","1","INR","Completed","Final","Customer return","0"
"Amazon.in","pkN0LpnuT7WLUXB97GFqEw","405-9484242-8789142","2023-07-28T07:37:50.237Z","1","INR","Completed","Final","Customer return","0"
"Amazon.in","SE0S2lCmRmSC+ouyMQU65A","405-9484242-8789142","2023-07-26T07:41:01.311Z","1","INR","Completed","Final","Customer return","0"
"Amazon.in","6Ga5NWaXT4W4Q+In93/mYw","405-6590860-1337949","2023-07-23T06:56:53.023Z","1","INR","Completed","Final","Customer return","0"
"Amazon.in","QF1SrPCRQ2G0PPzAq0sc6Q","405-3092324-2009169","2023-06-12T04:07:11.445Z","1","INR","Completed","Final","Customer return","0"
"Amazon.in","lne18QBjRU+MaOOQYTSKPQ","405-6416538-0086755","2023-06-09T05:37:56.686Z","1","INR","Completed","Final","Customer return","0"
"Amazon.in","KEZdyoVuS4yFYnwalf7blg","405-6416538-0086755","2023-06-09T05:35:40.209Z","1","INR","Completed","Final","Customer return","0"
"Amazon.in","cV7l9xhvRJi+4vV6ZCEyUQ","405-6910296-7209940","2023-06-07T03:31:12.610Z","1","INR","Completed","Final","Customer return","0"
"Amazon.in","ejK7ZyV7T2qoR7tUlPGWPA","405-3092324-2009169","2023-06-05T04:25:30.088Z","1","INR","Completed","Final","Customer return","0"
"Amazon.in","Vfe0k2GbQ16/dWSq74YrkA","405-3092324-2009169","2023-06-05T04:24:33.877Z","1","INR","Completed","Final","Customer return","0"
"Amazon.in","0TMk3gRPTcqQ8kfupWnzSw","405-1783686-9769912","2023-06-03T05:45:05.162Z","1","INR","Completed","Final","Customer return","0"
"Amazon.in","j0LGtC0wQ/emA7+jqP1Y0g","405-3850483-6573900","2023-04-09T04:17:37.483Z","1","INR","Completed","Final","Customer return","0"
"Amazon.in","YrRifsvuR4m5vih9wvvSSg","405-6637059-7103543","2023-04-09T03:56:34.639Z","1","INR","Completed","Final","Customer return","0"
"Amazon.in","XMBKXhKvQH2PbYXip8mMHg","405-7200239-4084321","2023-03-31T12:27:59.944Z","1","INR","Completed","Final","Refused to accept delivery","0"
"Amazon.in","i79oskp/TuySGPLyZ7iMeQ","406-5953762-6208361","2023-02-09T23:19:20.071Z","1","INR","Completed","Final","Refused to accept delivery","0"
"Amazon.in","UkdqEzSDQrqB6HRgxUYDLg","405-8147398-7642733","2023-01-25T09:55:51.846Z","1","INR","Completed","Final","Customer return","0"
"Amazon.in","PbZdiTadRBW1/d2kkL3LCw","405-8769308-7513130","2023-01-19T10:12:34.204Z","1","INR","Completed","Final","Customer return","0"
"Amazon.in","JUGrKDs9RJiXh8Ms30fHFg","405-0442417-5757141","2023-01-14T16:46:53.656Z","1","INR","Completed","Final","Order cancelled","0"
"Amazon.in","upeeY7xyROKBCKIu/BmdjA","405-0567745-8761926","2023-01-08T07:16:54.462Z","1","INR","Completed","Final","Customer return","0"
"Amazon.in","T+g+qFC1SuuJq73oQBuOiA","405-0567745-8761926","2023-01-05T08:19:02.418Z","1","INR","Completed","Final","Customer return","0"
"Amazon.in","R3jUV+89SnuVZbNCnoBbCw","403-7273155-9661124","2022-11-29T04:47:04.391Z","1","INR","Completed","Final","Customer return","0"
"Amazon.in","BtkvTWy3SzawFNWzwffi3g","403-7273155-9661124","2022-11-28T03:46:53.833Z","1","INR","Completed","Final","Customer return","0"
"Amazon.in","4/5tmEgqQQCms6Akf39s6g","403-3877910-3206727","2022-11-27T11:04:48.664Z","1","INR","Completed","Final","Customer return","0"
"Amazon.in","5bm5XikKTxOHs93o5rhYVg","403-3877910-3206727","2022-11-27T10:51:43.996Z","1","INR","Completed","Final","Customer return","0"
"Amazon.in","ubAQg1ryQAiXxkA6cqwGtQ","403-7273155-9661124","2022-11-23T06:23:56.242Z","1","INR","Completed","Final","Customer return","0"
"Amazon.in","np6pVRIHSXCsMdeXxDtWTA","403-7273155-9661124","2022-11-23T06:18:14.113Z","1","INR","Completed","Final","Customer return","0"
"Amazon.in","IgyM/7bBRu+FeMenPg7//Q","405-0901687-3403555","2022-11-17T09:27:50.072Z","1","INR","Completed","Final","Customer return","0"
"Amazon.in","CqmvxRnFRlyl6uf/v7J8oA","405-6660925-4797156","2022-11-16T09:02:55.694Z","1","INR","Completed","Final","Customer return","0"
"Amazon.in","FrlVPeg7QvaaklHD4c1x4w","405-6660925-4797156","2022-11-15T06:16:07.662Z","1","INR","Completed","Final","Customer return","0"
"Amazon.in","444/JoKQT1a/Kti7X+mAJQ","403-7273155-9661124","2022-11-07T07:20:15.496Z","1","INR","Completed","Final","Customer return","0"
"Amazon.in","leofrheTQM6PuhJ05q6W2g","403-7273155-9661124","2022-11-07T07:18:41.663Z","1","INR","Completed","Final","Customer return","0"
"Amazon.in","KXzuJpViRVaM6wtEJg+rRA","403-7273155-9661124","2022-10-25T10:51:01.919Z","1","INR","Completed","Final","Customer return","0"
"Amazon.in","lqHukRw1QOGon8ZLVKGywQ","405-6387302-3902719","2022-10-12T00:59:12.266Z","1","INR","Completed","Final","Customer return","0"
"Amazon.in","Z+7N4GY4TsSdOQtlqb4zDA","403-9655646-9182714","2022-10-10T04:37:32.162Z","1","INR","Completed","Final","Customer return","0"
"Amazon.in","G1Qv4x3qSRSUSd8IThutSw","405-2219380-8617945","2022-10-06T12:23:08.979Z","1","INR","Completed","Final","Refused to accept delivery","0"
"Amazon.in","8Byh1IURSDi+uvgx4stwAA","408-2151329-4425946","2022-09-16T05:56:00.696Z","1","INR","Completed","Final","Customer return","0"
"Amazon.in","S/7O80AuQQWlv/R8xYaXyw","405-5379285-4824312","2022-09-07T21:51:27.758Z","1","INR","Completed","Final","Refused to accept delivery","0"
"Amazon.in","JLYGM6TOTKqP9FtJKdo18Q","405-1017637-5845166","2022-09-07T06:41:09.506Z","1","INR","Completed","Final","Refused to accept delivery","0"
"Amazon.in","K//V3zZXSJyz6XaSXQhNlw","405-4392601-3757904","2022-09-02T06:25:17.599Z","6","INR","Completed","Final","Customer return","0"
"Amazon.in","K//V3zZXSJyz6XaSXQhNlw","405-4392601-3757904","2022-09-02T06:25:17.599Z","6","INR","Completed","Final","Customer return","0"
"Amazon.in","K//V3zZXSJyz6XaSXQhNlw","405-4392601-3757904","2022-09-02T06:25:17.599Z","6","INR","Completed","Final","Customer return","0"
"Amazon.in","K//V3zZXSJyz6XaSXQhNlw","405-4392601-3757904","2022-09-02T06:25:17.599Z","6","INR","Completed","Final","Customer return","0"
"Amazon.in","K//V3zZXSJyz6XaSXQhNlw","405-4392601-3757904","2022-09-02T06:25:17.599Z","6","INR","Completed","Final","Customer return","0"
"Amazon.in","K//V3zZXSJyz6XaSXQhNlw","405-4392601-3757904","2022-09-02T06:25:17.599Z","6","INR","Completed","Final","Customer return","0"
"Amazon.in","82ayKtLdTyyi2C/LzDfoWg","405-4709805-2197119","2022-08-27T10:28:52.482Z","1","INR","Completed","Final","Customer return","0"
"Amazon.in","y/3iiqwwRvSsMMsimAlg5g","405-7636389-0733914","2022-08-20T12:59:22.194Z","1","INR","Completed","Final","Customer return","0"
"Amazon.in","EvhKGUgBRZuxBBh7aQI1Wg","405-6824860-1033137","2022-08-18T20:46:17.283Z","1","INR","Completed","Final","Refused to accept delivery","0"
"Amazon.in","Vk6iRzGGSnO+7efaWBdPRA","405-3756818-4978764","2022-08-18T08:27:01.994Z","1","INR","Completed","Final","Refused to accept delivery","0"
"Amazon.in","qKt4PJjjQ7qaRhmMtdGogg","405-9383958-4609918","2022-08-18T03:29:22.682Z","1","INR","Completed","Final","Customer return","0"
"Amazon.in","yjDiOUbHTyu0Dqbf9d6PRg","405-0149961-6016368","2022-08-17T08:42:28.170Z","1","INR","Completed","Final","Customer return","0"
"Amazon.in","N2R5klsjRrW7FQPUIAMWTw","405-0255683-8216350","2022-08-14T06:27:33.241Z","1","INR","Completed","Final","Customer return","0"
"Amazon.in","e1/4FVkpRpaLMw17FNdqLg","405-0255683-8216350","2022-08-14T06:27:02.397Z","1","INR","Completed","Final","Customer return","0"
"Amazon.in","L1M0ZuLnRUmqe48ykeixcg","405-0494796-5261142","2022-08-14T06:20:17.838Z","1","INR","Completed","Final","Customer return","0"
"Amazon.in","FrXzK2k0T/ews7hy4vZNdQ","405-0255683-8216350","2022-08-13T06:31:07.791Z","1","INR","Completed","Final","Customer return","0"
"Amazon.in","fJ711kLcROmH3ARq5zwfbg","405-9078610-1159562","2022-08-13T06:24:28.271Z","1","INR","Completed","Final","Customer return","0"
"Amazon.in","Fg85vAmcQFeevibNNpoLyQ","405-2290434-5973102","2022-08-12T22:39:35.791Z","1","INR","Completed","Final","Customer return","0"
"Amazon.in","YDC5iH5fRce7PCz9+h5RFQ","405-9383958-4609918","2022-08-12T10:35:08.102Z","1","INR","Completed","Final","Customer return","0"
"Amazon.in","IAxBgeS/St2WCyqszt/XmA","405-7947903-9828345","2022-08-12T10:31:04.836Z","1","INR","Completed","Final","Customer return","0"
"Amazon.in","exLJrlMWSZSjPiGjzlE/7w","405-5134389-1140310","2022-08-12T10:30:10.533Z","1","INR","Completed","Final","Customer return","0"
"Amazon.in","pIi9AjuJRjq9XYBvoPiT6w","405-6607720-0809152","2022-08-11T03:55:24.699Z","1","INR","Completed","Final","Customer return","0"
"Amazon.in","N+XCFE+qTW2KOfYJrFpWWg","405-5758299-2762747","2022-08-09T05:48:38.414Z","1","INR","Completed","Final","Refused to accept delivery","0"
"Amazon.in","0s7AjhDsSoykp846t7Dm+w","405-9842653-2569968","2022-08-07T03:22:33.384Z","1","INR","Completed","Final","Customer return","0"
"Amazon.in","GLhJSYFTTRyxrWtqKZ+ZLw","405-7415747-9423512","2022-07-26T01:22:44.861Z","1","INR","Completed","Final","Account adjustment","0"
"Amazon.in","2Usri+ZxQ0+IB/FyPposyA","405-6009195-0429146","2022-07-12T07:31:56.477Z","1","INR","Completed","Final","Customer return","0"
"Amazon.in","l9oV7mLfTwK2ZXzELbSV2Q","405-8438416-8507561","2022-07-08T07:44:32.079Z","1","INR","Completed","Final","Customer return","0"
"Amazon.in","T3MYvNuWRaWpLEAnmuaUGQ","405-2094833-0219539","2022-07-07T06:02:02.271Z","1","INR","Completed","Final","Refused to accept delivery","0"
"Amazon.in","JWHKpt6aRjiRpxLRW664RQ","403-7039486-3364337","2022-07-04T09:12:49.959Z","1","INR","Completed","Final","Customer return","0"
"Amazon.in","wMGnchcpRK6lchbpGqNnag","403-8759623-4849960","2022-07-04T09:08:14.727Z","1","INR","Completed","Final","Customer return","0"
"Amazon.in","dBSQmoOGQFG0wMchKkJJeg","403-7039486-3364337","2022-07-01T22:38:37.202Z","1","INR","Completed","Final","Refused to accept delivery","0"
"Amazon.in","Pj9TU3DSRfaRq9uOrbhFkA","403-9545551-8545165","2022-07-01T07:26:09.761Z","1","INR","Completed","Final","Customer return","0"
"Amazon.in","TjsI6vOAT0edaC+AwE2k7w","403-2135723-9139560","2022-06-30T08:54:04.962Z","1","INR","Completed","Final","Customer return","0"
"Amazon.in","3KP7WEUFRDShz8B0QgzsYA","405-4823927-2866769","2022-06-20T07:51:12.824Z","1","INR","Completed","Final","Customer return","0"
"Amazon.in","KFM02mroRS67Fw3/XsRMjQ","405-2123349-2864354","2022-06-15T07:41:11.244Z","1","INR","Completed","Final","Customer return","0"
"Amazon.in","x3OzzOoTTmuehM2FkXCqNQ","405-9600495-3731553","2022-06-15T07:35:00.462Z","1","INR","Completed","Final","Customer return","0"
"Amazon.in","'+VgCt1A1QF69GRa6emWMpQ'","405-9600495-3731553","2022-06-14T03:03:55.503Z","1","INR","Completed","Final","Customer return","0"
"Amazon.in","W8iC/ObuT2STc5wRUBtavg","405-6827483-8969967","2022-06-08T11:47:21.344Z","1","INR","Completed","Final","Customer return","0"
"Amazon.in","IlH64SGNS6e0YeCAJ2nXQw","405-4827803-4449953","2022-06-06T08:43:53.901Z","1","INR","Completed","Final","Customer return","0"
"Amazon.in","6Zkyk8MJQ7ui/5pQlleNvw","405-4827803-4449953","2022-06-06T08:32:57.667Z","1","INR","Completed","Final","Customer return","0"
"Amazon.in","EOzaoEDsRzSORcjdJX5rKg","405-9600495-3731553","2022-06-06T08:32:56.596Z","1","INR","Completed","Final","Customer return","0"
"Amazon.in","IdNYL2BRSb6xpM17cNW23g","405-1075052-5489912","2022-06-05T05:17:48.494Z","1","INR","Completed","Final","Customer return","0"
"Amazon.in","cnZQ0YImTY+/q0u9e1XUCA","405-2741372-9249902","2022-06-04T05:45:35.194Z","1","INR","Completed","Final","Customer return","0"
"Amazon.in","QHD++DmpQG6T/STff4P68Q","405-6827483-8969967","2022-06-03T08:05:22.978Z","6","INR","Completed","Final","Customer return","0"
"Amazon.in","QHD++DmpQG6T/STff4P68Q","405-6827483-8969967","2022-06-03T08:05:22.978Z","6","INR","Completed","Final","Customer return","0"
"Amazon.in","QHD++DmpQG6T/STff4P68Q","405-6827483-8969967","2022-06-03T08:05:22.978Z","6","INR","Completed","Final","Customer return","0"
"Amazon.in","QHD++DmpQG6T/STff4P68Q","405-6827483-8969967","2022-06-03T08:05:22.978Z","6","INR","Completed","Final","Customer return","0"
"Amazon.in","QHD++DmpQG6T/STff4P68Q","405-6827483-8969967","2022-06-03T08:05:22.978Z","6","INR","Completed","Final","Customer return","0"
"Amazon.in","QHD++DmpQG6T/STff4P68Q","405-6827483-8969967","2022-06-03T08:05:22.978Z","6","INR","Completed","Final","Customer return","0"
"Amazon.in","vD1zDnsKTkSVVS0X9qSzcw","405-6827483-8969967","2022-06-03T08:02:13.645Z","2","INR","Completed","Final","Customer return","0"
"Amazon.in","vD1zDnsKTkSVVS0X9qSzcw","405-6827483-8969967","2022-06-03T08:02:13.645Z","2","INR","Completed","Final","Customer return","0"
"Amazon.in","nr5hmcOPRaulTAyFBgyvvg","405-6827483-8969967","2022-06-03T08:02:04.685Z","2","INR","Completed","Final","Customer return","0"
"Amazon.in","nr5hmcOPRaulTAyFBgyvvg","405-6827483-8969967","2022-06-03T08:02:04.685Z","2","INR","Completed","Final","Customer return","0"
"Amazon.in","E8xL+5EiQraKLe9n4ZfdRQ","405-9115831-8263530","2022-05-23T09:04:44.574Z","1","INR","Completed","Final","Customer return","0"
"Amazon.in","M2oa7L31SZicIT2/uXCOmQ","405-9227063-8133913","2022-05-22T21:24:15.017Z","1","INR","Completed","Final","Refused to accept delivery","0"
"Amazon.in","HzskQb0NRtWFLgJJR4/C4A","405-8038446-0127529","2022-05-15T03:47:49.834Z","1","INR","Completed","Final","Customer return","0"
"Amazon.in","XWO3g8cDSLWWNp49E9kGGQ","405-3592168-0345905","2022-05-13T07:44:28.807Z","1","INR","Completed","Final","Customer return","0"
"Amazon.in","Cibyi9TsRhG+60Ufzmf6Lw","405-2066062-9864323","2022-05-13T07:44:28.531Z","1","INR","Completed","Final","Customer return","0"
"Amazon.in","HRkwiQNtSea4kgoPsaFGjg","405-8038446-0127529","2022-05-12T08:34:42.572Z","1","INR","Completed","Final","Refused to accept delivery","0"
"Amazon.in","oOM5Hio5Re6iXxbN7Nohow","405-9946889-1913137","2022-05-11T02:20:55.409Z","1","INR","Completed","Final","Refused to accept delivery","0"
"Amazon.in","bjXOUT2WT3yB3lXz1/uigA","405-8038446-0127529","2022-05-10T12:57:47.618Z","1","INR","Completed","Final","Refused to accept delivery","0"
"Amazon.in","hdRVjEhvRIKmQAoNQqd1bg","405-8038446-0127529","2022-05-10T12:45:52.177Z","2","INR","Completed","Final","Refused to accept delivery","0"
"Amazon.in","hdRVjEhvRIKmQAoNQqd1bg","405-8038446-0127529","2022-05-10T12:45:52.177Z","2","INR","Completed","Final","Refused to accept delivery","0"
"Amazon.in","mUuLgxsAT9C5gaOm2JN4Ag","405-6214361-1117169","2022-05-10T03:18:45.417Z","1","INR","Completed","Final","Customer return","0"
"Amazon.in","j8CzDu7cSCiC+Bu/RVG5tg","405-4759439-5005142","2022-05-07T11:08:00.702Z","1","INR","Completed","Final","Customer return","0"
"Amazon.in","4BY3LbjnRzqi9qeaVHYsMw","405-5061547-6364335","2022-05-01T06:31:12.622Z","1","INR","Completed","Final","Customer return","0"
"Amazon.in","y1lqZPUHTvmapiNjoTWwIg","405-8622825-6578748","2022-04-21T08:44:52.293Z","1","INR","Completed","Final","Customer return","0"
"Amazon.in","A/VLI7pDTvK8sPFxqY5xrA","406-6859587-8752361","2022-04-21T05:44:59.024Z","1","INR","Completed","Final","Customer return","0"
"Amazon.in","GJD8HfIGTWi2iAbLeLc/+w","406-4172823-4861953","2022-04-17T06:37:39.933Z","1","INR","Completed","Final","Customer return","0"
"Amazon.in","5LlCIQcATrW5ckQhjdWW1Q","405-3563076-5789919","2022-04-15T12:03:13.311Z","1","INR","Completed","Final","Customer return","0"
"Amazon.in","N4Br9OGXQee03p1dFOohgw","405-7886187-0730745","2022-04-10T07:07:45.697Z","1","INR","Completed","Final","Customer return","0"
"Amazon.in","tf1ZX5ZgRy+JZn/WsK2ZNw","406-2565711-2563543","2022-04-07T05:29:00.415Z","1","INR","Completed","Final","Customer return","0"
"Amazon.in","Yqnp+/7RRSu6NLl1Dd9OHQ","405-8622595-7571563","2022-04-07T05:27:14.899Z","1","INR","Completed","Final","Customer return","0"
"Amazon.in","3XUmnTTXT3WOAtA9+97rGA","405-7723491-2677157","2022-04-07T05:23:25.373Z","1","INR","Completed","Final","Customer return","0"
"Amazon.in","tQdnzZz6T2+GcH0KQZfAjw","405-6297838-7996338","2022-04-06T04:02:07.930Z","1","INR","Completed","Final","Damaged during transit","0"
"Amazon.in","HpKy01dMQ+SY5egqIHK9EA","405-6846938-9905957","2022-03-31T06:51:17.940Z","1","INR","Completed","Final","Customer return","0"
"Amazon.in","K5YhVhoITXeo/UEN6HhUyw","405-5915897-1635549","2022-03-25T09:31:02.892Z","1","INR","Completed","Final","Refused to accept delivery","0"
"Amazon.in","NN9TcdkDTDmBqV4BBg77WA","405-2026107-8061931","2022-03-24T06:00:25.132Z","1","INR","Completed","Final","Customer return","0"
"Amazon.in","8e3nHkL0ScavXlgEaS8GFQ","406-2133474-0496353","2022-03-21T09:06:41.602Z","1","INR","Completed","Final","Refused to accept delivery","0"
"Amazon.in","kqVaWb4UT5mOJ3ZWGVAqcw","405-9999321-6134718","2022-03-20T12:56:02.881Z","1","INR","Completed","Final","Customer return","0"
"Amazon.in","06emOsKUSvuM2wIHOUt+nQ","405-2026107-8061931","2022-03-20T12:56:00.061Z","1","INR","Completed","Final","Customer return","0"
"Amazon.in","ByDNWTvjSyqvDvkn5XlDyg","405-3038781-8417160","2022-03-20T12:54:33.072Z","1","INR","Completed","Final","Customer return","0"
"Amazon.in","ih6jKfr1Qp+f321LmwJRVA","405-3038781-8417160","2022-03-20T12:52:52.174Z","3","INR","Completed","Final","Customer return","0"
"Amazon.in","ih6jKfr1Qp+f321LmwJRVA","405-3038781-8417160","2022-03-20T12:52:52.174Z","3","INR","Completed","Final","Customer return","0"
"Amazon.in","ih6jKfr1Qp+f321LmwJRVA","405-3038781-8417160","2022-03-20T12:52:52.174Z","3","INR","Completed","Final","Customer return","0"
"Amazon.in","jsb5NcqkQ+O461vIm3eAkQ","405-2026107-8061931","2022-03-20T12:52:43.095Z","1","INR","Completed","Final","Customer return","0"
"Amazon.in","wiqGw+I/QH+NDCb0kHayTw","405-2026107-8061931","2022-03-20T12:50:20.297Z","1","INR","Completed","Final","Customer return","0"
"Amazon.in","9EwCGHOaTI20VXJVIhKxjA","405-7845123-1035528","2022-03-20T12:42:20.548Z","1","INR","Completed","Final","Customer return","0"
"Amazon.in","T3shUX+fQ6C8Qr6XYgTpLg","405-3038781-8417160","2022-03-16T05:18:49.627Z","1","INR","Completed","Final","Customer return","0"
"Amazon.in","/Z5BfX+rQ5a5XbMiBpxKSQ","405-0126590-9883573","2022-03-16T05:17:23.343Z","1","INR","Completed","Final","Customer return","0"
"Amazon.in","PPb7ABrISuCUfSVxYbswsA","405-1885374-1991555","2022-03-13T06:47:50.709Z","1","INR","Completed","Final","Customer return","0"
"Amazon.in","FGDhVDRKTmeIk/YgYLY9vQ","405-8622595-7571563","2022-03-13T06:46:00.156Z","1","INR","Completed","Final","Customer return","0"
"Amazon.in","o9rW1rUDQx+PPg85GyDx/A","405-7793103-5868342","2022-03-13T06:44:24.969Z","1","INR","Completed","Final","Customer return","0"
"Amazon.in","ZnZ7MOSARFyqLy0O0r3TJw","404-0055117-8331501","2022-03-11T04:50:44.824Z","1","INR","Completed","Final","Customer return","0"
"Amazon.in","UlLtwBaVSVyrbXCM5BsiAg","405-7808547-3591533","2022-03-11T04:48:51.768Z","1","INR","Completed","Final","Customer return","0"
"Amazon.in","g4zNivWrQc+IxO6xe/qv6A","405-8765348-7481927","2022-03-11T04:43:16.910Z","1","INR","Completed","Final","Customer return","0"
"Amazon.in","J44tvHFxSAO4yxICeKu/ZA","405-8099896-6704308","2022-03-03T06:10:55.490Z","1","INR","Completed","Final","Customer return","0"
"Amazon.in","v3PmD4VgRhma0GHSOi0vCQ","402-9451479-1879518","2022-02-27T05:00:19.971Z","1","INR","Completed","Final","Customer return","0"
"Amazon.in","Kwvs9EE+ToS8nt9srefBuQ","404-2126741-5125131","2022-02-22T07:53:41.080Z","1","INR","Completed","Final","Customer return","0"
"Amazon.in","d4izgePXTPC9v0LrJpxVXA","404-2126741-5125131","2022-02-22T07:51:16.356Z","1","INR","Completed","Final","Customer return","0"
"Amazon.in","4hXm+ke8Tl+RNem+oLVssA","405-4547035-6203536","2022-02-17T05:48:35.484Z","1","INR","Completed","Final","Customer return","0"
"Amazon.in","sapT4D1ETmeCN4Wtm50zrg","404-5234429-0433113","2022-02-16T04:37:30.267Z","1","INR","Completed","Final","Customer return","0"
"Amazon.in","ys33qOihS7mDrawS/XMxSA","404-7290456-5596301","2022-02-06T04:34:48.975Z","1","INR","Completed","Final","Customer return","0"
"Amazon.in","WD791fMeREK9rYFJ8V8TXA","405-3979810-8707508","2022-02-01T08:19:45.881Z","1","INR","Completed","Final","Customer return","0"
"Amazon.in","2xfV1JEAQNuSPY1GOnQ90Q","405-3979810-8707508","2022-02-01T08:16:05.472Z","1","INR","Completed","Final","Customer return","0"
"Amazon.in","OPShI9eAQmCVnmPXrd4npw","404-0956156-8361951","2022-01-27T09:19:52.528Z","1","INR","Completed","Final","Customer return","0"
"Amazon.in","OPShI9eAQmCVnmPXrd4npw","404-0956156-8361951","2022-01-27T09:19:52.528Z","1","INR","Completed","Final","Customer return","0"
"Amazon.in","ZmiKEzcRS7ePu0a/3ec58Q","404-0956156-8361951","2022-01-27T09:16:43.924Z","2","INR","Completed","Final","Customer return","0"
"Amazon.in","ZmiKEzcRS7ePu0a/3ec58Q","404-0956156-8361951","2022-01-27T09:16:43.924Z","2","INR","Completed","Final","Customer return","0"
"Amazon.in","ljgc+IwJQKebDppjdiXrAw","404-0956156-8361951","2022-01-27T09:16:42.398Z","2","INR","Completed","Final","Customer return","0"
"Amazon.in","ljgc+IwJQKebDppjdiXrAw","404-0956156-8361951","2022-01-27T09:16:42.398Z","2","INR","Completed","Final","Customer return","0"
"Amazon.in","Onv8V4xTQQW4b+ddOya/5g","404-3134389-7460327","2022-01-27T09:03:24.232Z","2","INR","Completed","Final","Customer return","0"
"Amazon.in","Onv8V4xTQQW4b+ddOya/5g","404-3134389-7460327","2022-01-27T09:03:24.232Z","2","INR","Completed","Final","Customer return","0"
"Amazon.in","LMS3cYEAT6y2QfChtSlk2A","405-9410490-3961120","2022-01-22T13:16:44.978Z","1","INR","Completed","Final","Customer return","0"
"Amazon.in","dqdQGX1rRG+1KSjy3LUtPQ","405-8020300-7831527","2022-01-22T13:13:48.386Z","1","INR","Completed","Final","Customer return","0"
"Amazon.in","WfuKqbM4QPGCgo6QGGgfPA","405-8020300-7831527","2022-01-22T13:12:27.006Z","2","INR","Completed","Final","Customer return","0"
"Amazon.in","WfuKqbM4QPGCgo6QGGgfPA","405-8020300-7831527","2022-01-22T13:12:27.006Z","2","INR","Completed","Final","Customer return","0"
"Amazon.in","IiStqitTTq+xdTCqH+LI5g","405-9410490-3961120","2022-01-21T06:27:20.810Z","1","INR","Completed","Final","Customer return","0"
"Amazon.in","1R4StI5IQ8+HJgmrV0Qf4g","405-8020300-7831527","2022-01-20T09:20:32.164Z","1","INR","Completed","Final","Customer return","0"
"Amazon.in","mYFu46S3RHaovj4ea338xg","405-8020300-7831527","2022-01-20T09:14:01.852Z","1","INR","Completed","Final","Customer return","0"
"Amazon.in","J9wJNgWzQ2iMZWC40Fly8w","405-9410490-3961120","2022-01-18T13:10:05.239Z","1","INR","Completed","Final","Customer return","0"
"Amazon.in","IHy9aaqfRsK9UTLfVPS2rg","405-9410490-3961120","2022-01-18T13:09:23.174Z","1","INR","Completed","Final","Customer return","0"
"Amazon.in","imY6JXCBQpe+0l582Z/qPA","405-8020300-7831527","2022-01-18T13:06:48.282Z","1","INR","Completed","Final","Customer return","0"
"Amazon.in","m0SXg+gTTQyDzB0bYJHnlw","405-8020300-7831527","2022-01-18T13:03:59.229Z","1","INR","Completed","Final","Customer return","0"
"Amazon.in","/H64787eS/SHMFpI62/txQ","405-5822243-7357923","2022-01-18T13:00:08.882Z","1","INR","Completed","Final","Customer return","0"
"Amazon.in","WfFJHjPURieriAzhyGLEkA","405-8020300-7831527","2022-01-18T12:57:03.165Z","1","INR","Completed","Final","Customer return","0"
"Amazon.in","0fh3GF3gSheZRNrLFd1vkg","405-8020300-7831527","2022-01-18T12:51:14.289Z","1","INR","Completed","Final","Customer return","0"
"Amazon.in","IMkcIdYKT5SyA46tv8i4PQ","407-6323592-3892358","2022-01-15T07:55:08.640Z","1","INR","Completed","Final","Customer return","0"
"Amazon.in","Ia/hJbPkSROyCmrtN1UlMg","405-8020300-7831527","2022-01-14T07:52:14.776Z","1","INR","Completed","Final","Customer return","0"
"Amazon.in","7Es31z4VQkSooZIqD/ghPQ","405-2632075-5687542","2022-01-14T07:48:21.804Z","1","INR","Completed","Final","Customer return","0"
"Amazon.in","'+NfREByTRfWCknl8XZT5Rw'","405-7123345-9051529","2022-01-12T12:02:27.185Z","1","INR","Completed","Final","Item not received","0"
"Amazon.in","xjCAiYddTtGAUmRcyoV5cA","405-5575725-8091502","2022-01-07T08:15:56.561Z","1","INR","Completed","Final","Customer return","0"
"Amazon.in","rXGcZLNEToa6dGYG0OUU0Q","408-9743881-8255510","2022-01-07T08:03:36.324Z","1","INR","Completed","Final","Customer return","0"
"Amazon.in","GHX6Y1znQW6NFgwThPFXQA","405-0431690-5017908","2022-01-02T06:41:51.513Z","1","INR","Completed","Final","Customer return","0"
"Amazon.in","RIx7N35XRsqfhcg4M7GDQA","405-3921777-3876301","2021-12-31T05:54:29.352Z","3","INR","Completed","Final","Customer return","0"
"Amazon.in","RIx7N35XRsqfhcg4M7GDQA","405-3921777-3876301","2021-12-31T05:54:29.352Z","3","INR","Completed","Final","Customer return","0"
"Amazon.in","RIx7N35XRsqfhcg4M7GDQA","405-3921777-3876301","2021-12-31T05:54:29.352Z","3","INR","Completed","Final","Customer return","0"
"Amazon.in","ggcjA0FPStinZVCZxA7FXw","408-9743881-8255510","2021-12-30T11:35:04.376Z","1","INR","Completed","Final","Customer return","0"
"Amazon.in","XmvQIaWUT5mNqPpJSP/5ew","405-3469572-0707529","2021-12-29T09:04:11.481Z","1","INR","Completed","Final","Refused to accept delivery","0"
"Amazon.in","hv8AhtKIT4iPO2XJ1dN7PA","405-0637956-1421938","2021-12-19T08:27:55.659Z","1","INR","Completed","Final","Customer return","0"
"Amazon.in","fikRIpj7SjSat8k4PHrDAQ","408-5766380-0025907","2021-12-06T20:26:48.288Z","1","INR","Completed","Final","Refused to accept delivery","0"
"Amazon.in","QtEyAicGRV6m6cszSYfigw","408-5766380-0025907","2021-12-06T20:05:53Z","1","INR","Completed","Final","Refused to accept delivery","0"
"Amazon.in","a4xVo9UpS0SKYd9oTwdPxg","406-5406965-8827564","2021-11-17T10:10:06.328Z","1","INR","Completed","Final","Customer return","0"
"Amazon.in","uC7hCbxgQL6PTe+ZzGl79Q","405-0457400-9551524","2021-11-12T08:37:00.654Z","1","INR","Completed","Final","Customer return","0"
"Amazon.in","xyPbW/CeTcOIuG0k2WnTcg","404-9134228-4161938","2021-10-30T05:28:48.217Z","1","INR","Completed","Final","Customer return","0"
"Amazon.in","9xR7l6xyThiSvKpJh5kUuw","404-4975683-4892316","2021-10-29T06:05:14.421Z","1","INR","Completed","Final","Customer return","0"
"Amazon.in","mnETjdwRSYiYSm7xyOJSRg","408-5571582-5592341","2021-10-21T05:07:00.124Z","2","INR","Completed","Final","Shipping address is undeliverable","0"
"Amazon.in","mnETjdwRSYiYSm7xyOJSRg","408-5571582-5592341","2021-10-21T05:07:00.124Z","2","INR","Completed","Final","Shipping address is undeliverable","0"
"Amazon.in","FpGA1gGRR7KybLEp88QNfA","404-0483313-7628306","2021-10-21T03:00:27.959Z","1","INR","Completed","Final","Customer return","0"
"Amazon.in","4+fTz4nUSDGgHn3y9VZfOA","408-8997494-8928323","2021-10-21T02:57:29.518Z","1","INR","Completed","Final","Customer return","0"
"Amazon.in","kYpVrXMDQTKJwLkIiBMF2w","408-8997494-8928323","2021-10-21T02:56:53.940Z","2","INR","Completed","Final","Customer return","0"
"Amazon.in","kYpVrXMDQTKJwLkIiBMF2w","408-8997494-8928323","2021-10-21T02:56:53.940Z","2","INR","Completed","Final","Customer return","0"
"Amazon.in","5NL1nmMGTZKX8Mgr2U7JRQ","408-8997494-8928323","2021-10-21T02:56:42.614Z","1","INR","Completed","Final","Customer return","0"
"Amazon.in","kJwPbr3mTIWDbRvjhY7Amg","408-8997494-8928323","2021-10-21T02:54:18.041Z","1","INR","Completed","Final","Customer return","0"
"Amazon.in","ukY/A59URNGQT/nHffR/wQ","405-0340450-9563555","2021-10-20T05:28:13.851Z","1","INR","Completed","Final","Customer return","0"
"Amazon.in","K2yFXEunQvqJyl7zFPP9zg","408-1060238-8722743","2021-10-19T04:53:02.848Z","1","INR","Completed","Final","Refused to accept delivery","0"
"Amazon.in","0dBw1FLSQHWUl0jKynRV0w","408-5571582-5592341","2021-10-17T20:05:05.045Z","2","INR","Completed","Final","Refused to accept delivery","0"
"Amazon.in","0dBw1FLSQHWUl0jKynRV0w","408-5571582-5592341","2021-10-17T20:05:05.045Z","2","INR","Completed","Final","Refused to accept delivery","0"
"Amazon.in","gnXPd5JgQnKaedY54ps+OQ","408-1964293-7544320","2021-10-17T05:01:09.684Z","1","INR","Completed","Final","Customer return","0"
"Amazon.in","J09sxxT0QDCcLFFiX5wy0g","406-6309593-9525158","2021-10-17T05:01:09.544Z","1","INR","Completed","Final","Customer return","0"
"Amazon.in","UjvYCdOATvOq/clyMOUAQw","408-6699936-5195517","2021-10-15T05:18:07.200Z","1","INR","Completed","Final","Customer return","0"
"Amazon.in","LCIEx/meSX2mvdU6Sy5urQ","408-1329562-6464328","2021-10-12T01:18:51.739Z","1","INR","Completed","Final","Customer return","0"
"Amazon.in","0PwmrDUaSmSzsAJiTBhfoQ","408-5377906-8988314","2021-10-12T01:18:36.726Z","1","INR","Completed","Final","Customer return","0"
"Amazon.in","syXGMATtRaCTxjF+2Qe41A","408-1861015-5611504","2021-10-12T01:18:36.498Z","1","INR","Completed","Final","Customer return","0"
"Amazon.in","CSSjaIieTq6Ygee1SAP6zA","408-4133323-8342753","2021-10-10T02:07:49.931Z","1","INR","Completed","Final","Item not satisfactory","0"
"Amazon.in","cxVAYbK5SoGtOmVB5uY6ng","408-4133323-8342753","2021-10-10T01:55:48.507Z","1","INR","Completed","Final","Customer return","0"
"Amazon.in","8v62oAvfTz+YXeFa+Affaw","408-2938043-3696369","2021-10-10T01:55:44.097Z","1","INR","Completed","Final","Customer return","0"
"Amazon.in","bbUdXa4RRHGlYMH6O2Q2+A","408-4155811-7227569","2021-10-10T01:52:51.196Z","1","INR","Completed","Final","Customer return","0"
"Amazon.in","88s9jNAmShOktr31IuNpYg","408-6699936-5195517","2021-10-07T09:42:08.865Z","2","INR","Completed","Final","Customer return","0"
"Amazon.in","88s9jNAmShOktr31IuNpYg","408-6699936-5195517","2021-10-07T09:42:08.865Z","2","INR","Completed","Final","Customer return","0"
"Amazon.in","sENHMEX2TIKoGquICzgouA","405-3936317-0650717","2021-10-06T13:26:57.484Z","1","INR","Completed","Final","Customer return","0"
"Amazon.in","sHFBIkAFQniNkbyQcVlvug","405-2877973-8185145","2021-10-01T05:30:33.616Z","1","INR","Completed","Final","Customer return","0"
"Amazon.in","vm5sRbpCTr2lfkkXHxqflA","405-0180537-3768376","2021-09-24T04:08:52.617Z","1","INR","Completed","Final","Customer return","0"
"Amazon.in","GJtnsbUaQ3m46O0sNLs4pw","404-8447966-8680365","2021-09-18T09:09:59.536Z","1","INR","Completed","Final","Refused to accept delivery","0"
"Amazon.in","ezLT/bE3Q22NfrmqoS5YMQ","405-1775136-8697151","2021-09-15T11:24:04.206Z","1","INR","Completed","Final","Customer return","0"
"Amazon.in","XXg5rEGcSXeLs/7eIK3JUg","405-8984268-4999534","2021-08-30T17:29:59.632Z","1","INR","Completed","Final","Refused to accept delivery","0"
"Amazon.in","mmnCW+KFSjqz41wtHfa9TA","406-2918964-4456343","2021-08-19T12:38:26.932Z","1","INR","Completed","Final","Customer return","0"
"Amazon.in","rH+evp9TSGuJD8svBhsBOg","405-3573078-9716316","2021-08-18T08:41:26.085Z","1","INR","Completed","Final","Customer return","0"
"Amazon.in","U5W8XpfpTW+60cfO+/Mb/g","406-2918964-4456343","2021-08-14T06:17:41.134Z","1","INR","Completed","Final","Customer return","0"
"Amazon.in","yhaHSgjoQTiSnQNEMbMItw","405-0956872-4525937","2021-08-07T07:16:09.541Z","1","INR","Completed","Final","Customer return","0"
"Amazon.in","INY8iDBqQW+PsmkmTp+bsQ","406-8952292-4803510","2021-07-22T09:43:02.755Z","1","INR","Completed","Final","Customer return","0"
"Amazon.in","1Mlpei/iRIG77G1uxv5ghw","406-8952292-4803510","2021-07-11T18:31:39.390Z","1","INR","Completed","Final","Refused to accept delivery","0"
"Amazon.in","dcIeAaWxTC+LEuLp/4dHuA","404-4379341-2962729","2021-07-08T14:01:07.179Z","1","INR","Completed","Final","Refused to accept delivery","0"
"Amazon.in","BVZYC9d3TNuSjSgZI5m2bQ","406-2354669-3803547","2021-07-02T06:48:53.349Z","1","INR","Completed","Final","Refused to accept delivery","0"
"Amazon.in","BVZYC9d3TNuSjSgZI5m2bQ","406-2354669-3803547","2021-07-02T06:48:53.349Z","2","INR","Completed","Final","Refused to accept delivery","0"
"Amazon.in","BVZYC9d3TNuSjSgZI5m2bQ","406-2354669-3803547","2021-07-02T06:48:53.349Z","2","INR","Completed","Final","Refused to accept delivery","0"
"Amazon.in","W2T4OCviT1iVaFuTyn+h+A","405-1798773-0197954","2021-06-28T05:18:32.675Z","1","INR","Completed","Final","Customer return","0"
"Amazon.in","5sASTP5UTJSbGBR4P7X8QA","406-8234951-8965149","2021-06-22T06:59:21.605Z","3","INR","Completed","Final","Customer return","0"
"Amazon.in","5sASTP5UTJSbGBR4P7X8QA","406-8234951-8965149","2021-06-22T06:59:21.605Z","3","INR","Completed","Final","Customer return","0"
"Amazon.in","5sASTP5UTJSbGBR4P7X8QA","406-8234951-8965149","2021-06-22T06:59:21.605Z","3","INR","Completed","Final","Customer return","0"
"Amazon.in","gnvIHCe3T8muM6Wr2utsIg","406-6297714-2102700","2021-06-19T04:42:49.334Z","1","INR","Completed","Final","Customer return","0"
"Amazon.in","XLN5VSN0RRW9Meo3Owsl3g","406-1686092-7915529","2021-06-12T13:25:00.891Z","1","INR","Completed","Final","Refused to accept delivery","0"
"Amazon.in","XLN5VSN0RRW9Meo3Owsl3g","406-1686092-7915529","2021-06-12T13:25:00.891Z","1","INR","Completed","Final","Refused to accept delivery","0"
"Amazon.in","Zb45mVcYS9CAYAQLrbDMpA","405-0956003-4328360","2021-06-12T10:03:45.067Z","1","INR","Completed","Final","Refused to accept delivery","0"
"Amazon.in","Rqg43irJR8W9xTioOjqqdA","405-1791674-8839548","2021-06-12T10:03:42.351Z","1","INR","Completed","Final","Refused to accept delivery","0"
"Amazon.in","WAE6T2mITvGz4InC2i6s1g","405-0333814-6625116","2021-04-17T08:46:55.105Z","1","INR","Completed","Final","Customer return","0"
"Amazon.in","Z7XuXunLR7qXkLKu6VMecw","405-0333814-6625116","2021-04-14T06:00:54.619Z","1","INR","Completed","Final","Customer return","0"
"Amazon.in","De80YW9iSrqWnptkG8hxHg","404-7975969-9157151","2021-04-13T05:18:23.095Z","1","INR","Completed","Final","Customer return","0"
"Amazon.in","rqK2ToK+SzCuNL3HsRaRqQ","404-7975969-9157151","2021-04-07T09:21:38.823Z","1","INR","Completed","Final","Customer return","0"
"Amazon.in","npo/+2oZRiuhfBXADtOWeg","405-4376853-9909914","2021-04-02T05:39:03.458Z","1","INR","Completed","Final","Customer return","0"
"Amazon.in","zrwCriHvT4aSY3sCGNxfig","404-6510402-9271534","2021-04-02T05:36:23.557Z","1","INR","Completed","Final","Customer return","0"
"Amazon.in","cO6XUoPjTaeVobxUo9WzHQ","404-6510402-9271534","2021-04-02T05:35:47.710Z","1","INR","Completed","Final","Customer return","0"
"Amazon.in","e95XgWBwSNywq2e6sZHjcg","404-6510402-9271534","2021-04-02T05:33:32.969Z","1","INR","Completed","Final","Customer return","0"
"Amazon.in","EIukcsenQU+ta7bGMn35Og","404-6510402-9271534","2021-04-02T05:32:21.495Z","1","INR","Completed","Final","Customer return","0"
"Amazon.in","yiz4d8trTKW5x0smvSWvmw","405-4376853-9909914","2021-04-01T10:32:52.123Z","1","INR","Completed","Final","Customer return","0"
"Amazon.in","8IjPAIeUQcCfkfrjbz4Vuw","405-1901048-1170762","2021-03-28T06:16:39.510Z","1","INR","Completed","Final","Customer return","0"
"Amazon.in","fmOP1oG0REeMknK+ZXJukA","403-2088011-3369159","2021-03-23T09:06:29.395Z","2","INR","Completed","Final","Refused to accept delivery","0"
"Amazon.in","fmOP1oG0REeMknK+ZXJukA","403-2088011-3369159","2021-03-23T09:06:29.395Z","2","INR","Completed","Final","Refused to accept delivery","0"
"Amazon.in","TFx8FIvvTxKJk8EJcuV9yQ","405-1901048-1170762","2021-03-23T04:45:09.629Z","1","INR","Completed","Final","Customer return","0"
"Amazon.in","d8vufCkQTFKalZ2pagGsEQ","403-2435949-6594719","2021-03-22T08:00:54.599Z","1","INR","Completed","Final","Refused to accept delivery","0"
"Amazon.in","42N4/oWiThGGTgdxHkVeLw","405-2084907-0873121","2021-03-02T08:15:46.160Z","1","INR","Completed","Final","Refused to accept delivery","0"
"Amazon.in","5H7k+CmsS3Gij+s5nHGwyg","408-0308646-1966752","2021-02-07T07:30:26.691Z","2","INR","Completed","Final","Customer return","0"
"Amazon.in","5H7k+CmsS3Gij+s5nHGwyg","408-0308646-1966752","2021-02-07T07:30:26.691Z","2","INR","Completed","Final","Customer return","0"
"Amazon.in","Edh3sIcQSIS6NJElpymrpQ","405-9755620-7210706","2021-02-06T07:26:01.676Z","1","INR","Completed","Final","Customer return","0"
"Amazon.in","5fentRqVTpq2aRRac0yuzw","405-9755620-7210706","2021-02-05T08:43:22.836Z","1","INR","Completed","Final","Customer return","0"
"Amazon.in","byhBvZLESAiatPj8YAJfEQ","408-1867732-8033938","2021-01-27T04:45:24.376Z","1","INR","Completed","Final","Customer return","0"
"Amazon.in","RW208g1FSEOPkAxI+IEaYw","408-3115096-5312320","2021-01-23T13:18:02.125Z","1","INR","Completed","Final","Refused to accept delivery","0"
"Amazon.in","FHXKrtK0RtCz4zRGMVOPSg","405-4775240-2410730","2021-01-23T06:55:19.381Z","1","INR","Completed","Final","Refused to accept delivery","0"
"Amazon.in","1nLOqUSVQJeoQ4ICdafahA","404-8585745-0420340","2021-01-20T12:58:02.914Z","1","INR","Completed","Final","Wrong item was sent","0"
"Amazon.in","CMSFNWQWSPWGYfSLFtPbxw","405-8376612-4484369","2021-01-16T09:49:44.112Z","1","INR","Completed","Final","Customer return","0"
"Amazon.in","CMSFNWQWSPWGYfSLFtPbxw","405-8376612-4484369","2021-01-16T09:49:44.112Z","1","INR","Completed","Final","Customer return","0"
"Amazon.in","V2hvw2J/Qy+osjw2HKLr5g","405-8376612-4484369","2021-01-16T09:46:32.121Z","1","INR","Completed","Final","Customer return","0"
"Amazon.in","wC/mvCizQFe4xxZUtasq5w","405-2324186-3837915","2020-12-22T05:45:05.159Z","1","INR","Completed","Final","Customer return","0"
"Amazon.in","xJecAxvhTWWwWo3NpmZQNQ","405-4453549-8366705","2020-12-12T06:36:16.226Z","1","INR","Completed","Final","Customer return","0"
"Amazon.in","/lSeWrSvRnmrtCsx1jFXSg","405-4953176-6856361","2020-12-02T16:50:01.431Z","1","INR","Completed","Final","Refused to accept delivery","0"
"Amazon.in","XRlt9gtHTQqwGybZJ0dpbg","405-5493915-0791528","2020-11-27T07:58:11.363Z","1","INR","Completed","Final","Customer return","0"
"Amazon.in","ZN9XWGnESxSM0CxFzehcJA","404-1943520-6035519","2020-11-18T10:05:05.867Z","1","INR","Completed","Final","Customer return","0"
"Amazon.in","U33itZuzT0yGrAdUTBGSUQ","405-1173214-0998701","2020-11-07T00:46:10.947Z","3","INR","Completed","Final","Refused to accept delivery","0"
"Amazon.in","U33itZuzT0yGrAdUTBGSUQ","405-1173214-0998701","2020-11-07T00:46:10.947Z","3","INR","Completed","Final","Refused to accept delivery","0"
"Amazon.in","U33itZuzT0yGrAdUTBGSUQ","405-1173214-0998701","2020-11-07T00:46:10.947Z","3","INR","Completed","Final","Refused to accept delivery","0"
"Amazon.in","SHdRBRzRSa2yGmEa4B+FnA","404-4921345-9067554","2020-10-27T06:42:58.638Z","1","INR","Completed","Final","Refused to accept delivery","0"
"Amazon.in","SHdRBRzRSa2yGmEa4B+FnA","404-4921345-9067554","2020-10-27T06:42:58.638Z","2","INR","Completed","Final","Refused to accept delivery","0"
"Amazon.in","SHdRBRzRSa2yGmEa4B+FnA","404-4921345-9067554","2020-10-27T06:42:58.638Z","2","INR","Completed","Final","Refused to accept delivery","0"
"Amazon.in","7K+I9UlwTjulkFikbjBTLA","405-2470365-9490717","2020-10-21T12:15:31.832Z","1","INR","Completed","Final","Refused to accept delivery","0"
"Amazon.in","3Lmlj/2kTJalxXRzyNHv+w","405-2985958-9799561","2020-10-18T03:49:03.791Z","1","INR","Completed","Final","Customer return","0"
"Amazon.in","4M5Xf6TjSf6cVxYE8dsQtA","405-5222427-8745106","2020-10-17T03:45:26.526Z","1","INR","Completed","Final","Customer return","0"
"Amazon.in","AmvC/M23SJGioZwv3fogJQ","405-1015849-4199506","2020-09-21T05:08:18.565Z","1","INR","Completed","Final","Customer return","0"
"Amazon.in","rDb1Nwt3RJaYI00TKJ3YBA","405-8898969-7917920","2020-09-10T03:28:16.698Z","1","INR","Completed","Final","Customer return","0"
"Amazon.in","E3GJqLykSzOdIACXHU9W7g","405-9231085-1369933","2020-09-04T06:53:09.518Z","1","INR","Completed","Final","Customer return","0"
"Amazon.in","D7dmQGDLQtK7v0cNqxWf0w","405-1774424-2762720","2020-08-31T07:40:55.716Z","1","INR","Completed","Final","Customer return","0"
"Amazon.in","n0YI1p7wRx6kFyPSQ/5jkA","405-1743578-6977135","2020-08-30T10:32:52.654Z","1","INR","Completed","Final","Refused to accept delivery","0"
"Amazon.in","g97sjhzsTay0w/sFyyC4bg","405-1162631-1499562","2020-08-26T06:00:06.049Z","1","INR","Completed","Final","Customer return","0"
"Amazon.in","JVSRpB6eQjiU5kLRY4xObQ","405-0894891-4105141","2020-08-26T05:16:44.217Z","1","INR","Completed","Final","Customer return","0"
"Amazon.in","wSnWXktcSTyvTvgxZvUahw","405-5280760-9692308","2020-08-24T23:08:55.720Z","1","INR","Completed","Final","Refused to accept delivery","0"
"Amazon.in","hLVVon5FT2OEtI/1s5Wqyw","405-5280760-9692308","2020-08-24T22:31:51.271Z","1","INR","Completed","Final","Refused to accept delivery","0"
"Amazon.in","G/0B01HCRtCaY3AVGKavmQ","405-1162631-1499562","2020-08-21T09:33:58.831Z","1","INR","Completed","Final","Customer return","0"
"Amazon.in","BEs/2UfMTz68DA0rJmzJ6A","405-0429330-9347536","2020-08-18T11:08:39.665Z","1","INR","Completed","Final","Customer return","0"
"Amazon.in","vfSJiV33T0iyerzAO+SMOg","404-9430789-3881146","2020-08-12T07:52:26.658Z","1","INR","Completed","Final","Customer return","0"
"Amazon.in","cvQaB++eQAuZOJKeNMmm1A","405-3198956-2673921","2020-08-12T07:49:37.605Z","1","INR","Completed","Final","Customer return","0"
"Amazon.in","vIXV/yLPTcyekkWWLs8KeQ","404-8173078-3085933","2020-08-04T08:06:27.034Z","1","INR","Completed","Final","Customer return","0"
"Amazon.in","ILv4lehnQq2LS6RsHdZEQw","405-6792659-3702760","2020-07-27T09:09:14.077Z","1","INR","Completed","Final","Customer return","0"
"Amazon.in","KrWVe2tISPG0Za+bwkbCfQ","408-7480135-0358722","2020-07-24T06:32:27.726Z","1","INR","Completed","Final","Customer return","0"
"Amazon.in","7DVFEaWsQO2hnv95brFYww","405-6792659-3702760","2020-07-20T10:09:02.161Z","1","INR","Completed","Final","Customer return","0"
"Amazon.in","hAzr4IRATHqRFafTe8tDLg","405-6792659-3702760","2020-07-20T10:07:17.803Z","1","INR","Completed","Final","Customer return","0"
"Amazon.in","OPjCSTouRIioflebptxtuw","405-7346298-0024303","2020-07-18T03:47:05.620Z","1","INR","Completed","Final","Customer return","0"
"Amazon.in","2BfbpTsDTBqbvsYuPpX3AA","405-6519277-8477917","2020-07-18T03:41:28.772Z","1","INR","Completed","Final","Customer return","0"
"Amazon.in","siVNUuUMSVeSJjnPsT/Gbw","405-5485122-2750727","2020-07-15T07:41:23.628Z","1","INR","Completed","Final","Customer return","0"
"Amazon.in","QQLaxWGORHy1nyrqeN3cgQ","408-4457017-9653166","2020-07-15T07:35:42.746Z","1","INR","Completed","Final","Customer return","0"
"Amazon.in","YsaQVw/bTQWQMF1CCKmvzA","405-5485122-2750727","2020-07-12T16:33:40.815Z","1","INR","Completed","Final","Refused to accept delivery","0"
"Amazon.in","GG49gpuDSaW19f4ytfa1ZA","405-3244251-9096307","2020-07-04T08:57:41.571Z","1","INR","Completed","Final","Customer return","0"
"Amazon.in","shKVv68VRfSgYtzwz/wtkQ","405-3058378-0417134","2020-06-12T11:42:21.992Z","1","INR","Completed","Final","Customer return","0"
"Amazon.in","GOl0vYOXQDq8R9KM0v3sZA","405-4007494-4209908","2020-03-30T10:38:01.687Z","1","INR","Completed","Final","Shipping address is undeliverable","0"
"Amazon.in","NTX1baHBSlCfwT77U4gncg","406-8329274-8566759","2020-03-19T12:16:43.575Z","1","INR","Completed","Final","Shipping address is undeliverable","0"
"Amazon.in","Feul4AnMREGqwUkaY+eTWQ","404-9197286-9816337","2020-01-22T10:42:38.457Z","1","INR","Completed","Final","Wrong item was sent","0"
"Amazon.in","q9r7tkauSVCbH+DFH1kx5A","404-1677273-7049125","2020-01-22T09:18:27.649Z","1","INR","Completed","Final","Shipping address is undeliverable","0"
"Amazon.in","nxexahPyRuSwvUcwpuSDWw","405-0357282-9654744","2020-01-09T03:02:59.148Z","1","INR","Completed","Final","Customer return","0"
"Amazon.in","T4+35w8rQF+FPsiEHePSqw","404-1433329-6029948","2019-11-09T13:02:29.777Z","1","INR","Completed","Final","Shipping address is undeliverable","0"
"Amazon.in","QlJl7KnJQUKMXGRIpVcqzA","406-9747910-8682727","2019-10-27T22:30:41.194Z","1","INR","Completed","Final","Shipping address is undeliverable","0"
"Amazon.in","OrdI0wqRSQaId88VTB5ssQ","402-9208199-0982711","2017-09-10T16:18:00Z","1","INR","Completed","Final","Shipping address is undeliverable","0"
"Amazon.in","I0jU6xBiToKAACRqxH+YRw","404-3054322-2818716","2017-08-13T17:08:41Z","1","INR","Completed","Final","Shipping address is undeliverable","0"
"Amazon.in","3cBdRqn8QF+amLFTVVgzMw","404-3930112-4644342","2017-07-28T04:18:29Z","1","INR","Completed","Final","Shipping address is undeliverable","0"
"Amazon.in","tzoV++f1QX6YFPBhdjjPfg","403-6327911-7476340","2017-07-15T16:43:14Z","1","INR","Completed","Final","Customer return","0"
"Amazon.in","isZgc8c9SFOK7F8mwRq82w","403-3634113-4037156","2017-05-31T18:50:31Z","1","INR","Completed","Final","Customer return","0"
"Amazon.in","9Vwzgy6IQAeTZEe/MGFz0w","406-5240308-1931517","2017-05-18T07:26:29Z","1","INR","Completed","Final","Customer return","0"
"Amazon.in","BrHGMgTVR9iRWYK9/nl1EQ","404-4155364-4879529","2017-05-18T04:13:38Z","1","INR","Completed","Final","Customer return","0"
"Amazon.in","c3UzP1WqTL6YlWSieM1FEw","406-8748940-8829968","2017-05-07T06:21:49Z","1","INR","Completed","Final","Shipping address is undeliverable","0"
"Amazon.in","/2Ub0QN0SsSvn8WJmEOK5Q","406-5420086-9558707","2016-12-22T15:19:42Z","1","INR","Completed","Final","Shipping address is undeliverable","0"
"Amazon.in","1dAGO3A+S7yaAJofymY9bQ","406-7238093-8847567","2016-12-18T15:14:38Z","1","INR","Completed","Final","Shipping address is undeliverable","0"
"Amazon.in","'+UMQC35wSXeom7CVX6ov+g'","171-4992175-4263564","2016-11-21T12:18:09Z","1","INR","Completed","Final","Damaged during transit","0"
"Amazon.in","8bhAYM4nSFSVMHk9vmBFsg","402-3359934-2847568","2016-10-26T14:13:21Z","1","INR","Completed","Final","Shipping address is undeliverable","0"
"Amazon.in","hAtIVZnkRHOlhM5uZhrnHQ","402-7223352-9779522","2016-10-25T12:48:56Z","1","INR","Completed","Final","Customer return","0"
"Amazon.in","EdzsCHbAQTixyY4IhBNZLQ","404-6415251-5010711","2016-08-26T05:40:57Z","1","INR","Completed","Final","Shipping address is undeliverable","0"
"Amazon.in","X6yBgUY1Q9uUVjn6MBwMvA","171-9632017-6449117","2016-07-03T10:37:05Z","1","INR","Completed","Final","Customer return","0"
"Amazon.in","X6yBgUY1Q9uUVjn6MBwMvA","171-9632017-6449117","2016-07-03T10:37:05Z","1","INR","Completed","Final","Customer return","0"
"Amazon.in","32sLb65jRp2VEfxePvNf+A","171-4586809-1059502","2016-06-28T07:19:50Z","1","INR","Completed","Final","Customer return","0"
"Amazon.in","'+bsvYg+lShGdXNri5XK/cA'","404-1611300-0340343","2016-06-14T08:20:48Z","1","INR","Completed","Final","Item shipped late","0"
"Amazon.in","'+bsvYg+lShGdXNri5XK/cA'","404-1611300-0340343","2016-06-14T08:20:48Z","1","INR","Completed","Final","Item shipped late","0"
"Amazon.in","FC005WypQKusSipyViyKeg","404-1611300-0340343","2016-06-06T05:03:21Z","1","INR","Completed","Final","Customer return","0"
"Amazon.in","ggAVFEXWSQy80NR7PMqiUA","171-4241153-9335552","2016-05-22T06:14:35Z","1","INR","Completed","Final","Customer return","0"
"Amazon.in","KE5yP2PLS5+NdSlxg5bs3g","171-9592530-5587553","2016-02-18T02:06:41Z","1","INR","Completed","Final","Shipping address is undeliverable","0"
"Amazon.in","mx9dAUoRRG6Ni6bF1ew1vg","171-9016730-4829108","2016-01-06T07:48:17Z","1","INR","Completed","Final","Customer return","0"
"Amazon.in","qvEN3trsRx2SZAjXIqwySA","171-4814046-2217101","2016-01-04T18:36:52Z","1","INR","Completed","Final","Customer return","0"
"Amazon.in","vZ0C563aRHGWfJ2f8I2NmQ","402-3213326-2557155","2015-12-20T15:39:43Z","1","INR","Completed","Final","Shipping address is undeliverable","0"
"Amazon.in","OTDQup9iRjuIJ8ih09DlhA","402-2796979-0223526","2015-12-03T04:14:21Z","1","INR","Completed","Final","Shipping address is undeliverable","0"
"Amazon.in","uLgsiUqjSwuosH1YIFF/BQ","402-6984923-3577153","2015-11-14T16:22:28Z","1","INR","Completed","Final","Customer return","0"
"Amazon.in","WXRS7S7XTEueJM2x1iKMxQ","402-6984923-3577153","2015-11-13T02:48:39Z","1","INR","Completed","Final","Item arrived late","0"
"Amazon.in","'+82sNeroTA6mkCZoQ9Lylg'","402-7509532-0288366","2015-11-03T12:18:19Z","1","INR","Completed","Final","Shipping address is undeliverable","0"
"Amazon.in","1hJUAYoFT/eRETx9JDZTog","404-3795826-4312336","2015-06-02T08:38:12Z","1","INR","Completed","Final","Customer return","0"
"Amazon.in","0IFiz6M2SKy4SktWMoRnJw","171-9889127-8829956","2015-05-23T03:55:04Z","1","INR","Completed","Final","Shipping address is undeliverable","0"
"Amazon.in","onxTMi4LQ/C8el1OdY42aQ","404-7395908-6324316","2015-04-16T10:03:34Z","1","INR","Completed","Final","Shipping address is undeliverable","0"
"Amazon.in","QVlq2VKwTvSnWlPT35nm7g","403-4418668-3760358","2014-12-18T12:31:38Z","1","INR","Completed","Final","Item shipped late","0"
"Amazon.in","y2vBUgg/SEqqeERM7855MQ","403-4081228-0705923","2014-12-10T10:59:32Z","1","INR","Completed","Final","Customer return","0"
